Farm_ID,Sector,Species,State,Farm_Age_Years,Farm_Area_Acres,Water_Temperature_C,Water_pH,Dissolved_Oxygen_mg_L,Ammonia_mg_L,Stocking_Density_Animals_Per_Acre,Feed_Quantity_kg_Per_Day,Feed_Quality_Score,Rainfall_mm,Humidity_Percent,Body_Condition_Score,Disease_Type,Disease_Onset,Mortality_Rate_Percent,Feed_Conversion_Ratio,Daily_Feed_Cost,Productivity_Score,Water_Quality_Score,Disease_Risk_Score,Disease_Risk_Level
F0001,Aquaculture,Pangasius,West Bengal,1,7.6,24.8,7.15,5.25,0.19,114.8,101.9,93.5,23.2,69.2,2.8,Bacterial Infection,1,10.6,2.16,114.7,100.0,79.4,75.2,High
F0002,Livestock,Cattle,Tamil Nadu,7,17.5,,,,,11.3,36.6,97.4,96.6,94.0,2.4,No Disease,0,1.2,2.03,40.39,100.0,,44.6,Medium
F0003,Aquaculture,Rohu,Tamil Nadu,1,13.0,25.6,7.84,6.72,0.06,73.9,81.9,71.2,3.6,68.8,2.5,No Disease,0,2.3,1.61,126.39,100.0,89.9,67.3,High
F0004,Aquaculture,Catla,Karnataka,6,5.5,33.9,8.31,4.76,0.6,57.9,85.3,70.6,116.3,79.5,2.9,No Disease,0,1.5,1.41,95.73,100.0,65.3,71.5,High
F0005,Aquaculture,Shrimp,Tamil Nadu,5,19.5,28.1,7.38,5.47,0.24,55.7,111.5,96.7,155.8,90.1,2.6,No Disease,0,2.1,1.59,162.49,100.0,94.6,53.3,Medium
F0006,Livestock,Buffalo,Telangana,2,14.2,,,,,29.3,26.7,76.8,43.6,51.1,3.4,No Disease,0,4.3,1.6,27.67,100.0,,50.5,Medium
F0007,Aquaculture,Tilapia,Tamil Nadu,1,18.8,26.5,8.18,6.31,0.38,123.4,128.5,72.7,62.8,95.0,4.1,No Disease,0,2.3,1.47,147.13,100.0,89.4,98.1,High
F0008,Aquaculture,Catla,Tamil Nadu,5,8.2,27.7,7.86,4.61,0.35,62.9,57.8,90.0,119.7,77.5,2.9,No Disease,0,1.6,1.68,75.23,100.0,98.1,51.7,Medium
F0009,Aquaculture,Shrimp,Karnataka,5,4.6,28.8,7.69,6.03,0.07,166.9,163.6,60.0,169.2,82.0,2.8,Parasitic Infection,1,12.8,2.21,280.59,89.2,95.5,100.0,High
F0010,Livestock,Cattle,West Bengal,5,12.7,,,,,58.0,47.2,61.2,36.8,82.8,3.1,Respiratory Infection,1,4.2,1.9,67.15,100.0,,100.0,High
F0011,Aquaculture,Catla,Karnataka,3,23.4,30.4,8.29,6.59,0.44,116.0,77.9,69.9,32.7,94.1,3.5,No Disease,0,2.3,1.93,116.01,100.0,83.5,98.4,High
F0012,Aquaculture,Catla,Tamil Nadu,7,10.9,26.5,8.45,4.57,0.19,66.1,212.6,69.3,56.1,64.8,3.5,No Disease,0,2.9,1.34,315.28,100.0,86.2,67.2,High
F0013,Aquaculture,Tilapia,Karnataka,2,16.9,27.4,8.11,6.47,0.16,103.3,71.7,74.5,25.4,62.6,3.2,No Disease,0,3.6,1.12,107.97,100.0,93.9,71.3,High
F0014,Aquaculture,Shrimp,Tamil Nadu,7,13.7,26.0,7.72,5.2,0.27,123.4,35.4,87.2,37.8,93.6,2.5,White Spot Disease,1,21.6,1.6,37.26,77.7,91.0,100.0,High
F0015,Livestock,Sheep,Telangana,7,16.8,,,,,41.1,30.8,87.9,18.5,62.7,2.0,No Disease,1,10.7,2.48,51.91,95.4,,62.4,Medium
F0016,Aquaculture,Shrimp,Karnataka,5,4.4,23.9,7.97,5.23,0.12,123.3,98.0,79.5,159.7,78.9,3.8,No Disease,0,3.9,1.53,173.47,100.0,81.6,78.4,High
F0017,Livestock,Buffalo,Karnataka,4,16.0,,,,,6.0,7.0,63.9,4.8,54.6,3.4,No Disease,0,0.3,1.8,8.86,100.0,,57.6,Medium
F0018,Livestock,Cattle,Telangana,5,10.7,,,,,37.7,19.1,95.8,137.4,52.4,4.1,No Disease,0,1.1,1.99,22.69,100.0,,33.6,Low
F0019,Livestock,Cattle,Andhra Pradesh,6,20.9,,,,,15.5,50.4,97.3,94.6,54.1,2.5,No Disease,0,0.0,2.14,69.95,100.0,,26.6,Low
F0020,Aquaculture,Pangasius,Tamil Nadu,4,18.3,32.1,8.59,4.2,0.33,168.0,116.3,71.5,93.4,57.0,2.4,No Disease,0,0.0,1.55,152.52,100.0,74.1,90.5,High
F0021,Livestock,Goat,Andhra Pradesh,1,9.4,,,,,76.2,25.0,96.0,24.3,70.6,2.5,No Disease,0,1.9,1.74,33.3,100.0,,43.5,Medium
F0022,Aquaculture,Shrimp,Tamil Nadu,7,20.4,32.9,7.78,3.64,0.2,154.7,203.9,84.9,49.0,80.4,2.9,No Disease,1,4.1,1.76,292.29,100.0,76.6,100.0,High
F0023,Livestock,Poultry,West Bengal,7,8.1,,,,,56.9,51.3,65.7,88.1,56.7,4.5,Parasitic Infection,1,9.0,2.48,52.52,100.0,,88.5,High
F0024,Livestock,Buffalo,Tamil Nadu,2,18.4,,,,,36.6,48.1,87.0,9.9,69.1,3.2,No Disease,0,0.6,2.69,77.9,100.0,,42.2,Medium
F0025,Livestock,Sheep,West Bengal,5,10.2,,,,,47.9,48.6,78.2,119.1,84.1,3.2,No Disease,0,1.8,2.0,48.61,100.0,,65.1,High
F0026,Livestock,Goat,Andhra Pradesh,6,1.1,,,,,10.3,2.6,57.3,15.9,47.0,3.1,No Disease,0,1.2,1.83,3.55,100.0,,65.3,High
F0027,Livestock,Poultry,West Bengal,5,3.1,,,,,31.6,18.7,67.7,42.0,47.2,1.8,No Disease,0,0.4,2.17,31.13,100.0,,60.2,Medium
F0028,Livestock,Goat,Telangana,3,20.8,,,,,72.8,59.4,87.0,11.7,66.3,4.1,No Disease,0,1.4,1.87,60.93,100.0,,51.2,Medium
F0029,Livestock,Poultry,West Bengal,5,13.9,,,,,9.3,58.2,93.0,167.0,97.7,2.3,No Disease,0,0.7,2.12,91.44,100.0,,51.5,Medium
F0030,Livestock,Cattle,Telangana,4,9.9,,,,,72.1,51.9,74.7,70.4,59.5,3.1,No Disease,0,2.0,1.95,78.61,100.0,,63.3,Medium
F0031,Aquaculture,Rohu,Karnataka,1,4.8,27.9,8.7,4.68,0.28,159.2,133.9,75.7,106.6,90.5,2.9,No Disease,0,2.9,1.39,219.32,100.0,88.8,100.0,High
F0032,Aquaculture,Shrimp,West Bengal,6,8.8,25.1,7.43,4.27,0.35,163.4,241.1,75.0,158.2,55.2,4.0,No Disease,0,0.8,1.61,278.35,100.0,84.0,85.9,High
F0033,Livestock,Cattle,West Bengal,6,23.5,,,,,52.4,17.1,82.3,97.2,86.3,2.1,No Disease,0,2.7,1.64,28.26,100.0,,63.8,Medium
F0034,Livestock,Sheep,West Bengal,3,20.7,,,,,10.1,19.5,85.5,12.1,75.9,2.7,No Disease,1,4.8,2.54,29.85,100.0,,61.7,Medium
F0035,Livestock,Goat,Karnataka,6,4.2,,,,,23.9,2.1,61.8,84.3,95.0,2.1,No Disease,0,1.0,2.22,3.33,100.0,,84.2,High
F0036,Aquaculture,Rohu,Tamil Nadu,4,5.5,29.6,7.75,7.05,0.14,95.7,83.1,97.3,73.7,93.4,2.6,No Disease,0,0.1,1.71,140.56,100.0,93.0,65.3,High
F0037,Livestock,Cattle,Andhra Pradesh,6,17.5,,,,,11.8,10.9,74.5,95.5,45.9,4.0,No Disease,0,1.3,1.66,10.91,100.0,,48.4,Medium
F0038,Aquaculture,Catla,Andhra Pradesh,3,12.5,24.3,7.96,5.64,0.14,85.6,155.8,73.6,177.2,61.4,3.2,No Disease,0,3.8,1.58,274.54,100.0,83.3,67.8,High
F0039,Aquaculture,Shrimp,Telangana,2,20.7,28.0,7.22,6.7,0.41,118.4,22.2,69.0,93.2,58.8,2.9,White Spot Disease,1,5.5,1.75,32.28,100.0,92.8,100.0,High
F0040,Aquaculture,Tilapia,Tamil Nadu,7,13.6,31.5,8.26,5.26,0.18,139.3,220.3,85.7,144.3,69.6,4.0,No Disease,1,15.9,1.84,300.02,87.9,80.5,89.1,High
F0041,Aquaculture,Tilapia,Tamil Nadu,3,3.0,32.2,7.57,6.93,0.45,107.1,161.6,69.1,84.6,87.0,4.2,No Disease,0,0.0,1.67,231.73,100.0,79.2,91.3,High
F0042,Aquaculture,Rohu,Karnataka,2,15.3,26.7,7.91,6.29,0.24,141.8,190.8,73.3,62.3,71.0,4.5,No Disease,1,3.0,2.16,301.5,100.0,93.5,100.0,High
F0043,Livestock,Sheep,Karnataka,6,24.3,,,,,36.6,18.1,80.5,164.2,56.2,3.5,No Disease,0,2.0,2.07,20.38,100.0,,48.7,Medium
F0044,Livestock,Poultry,West Bengal,5,8.8,,,,,69.1,30.6,65.6,156.7,68.6,3.2,No Disease,0,1.9,1.98,36.13,100.0,,71.7,High
F0045,Livestock,Sheep,Andhra Pradesh,1,5.0,,,,,14.8,58.2,74.5,42.5,48.9,2.3,No Disease,0,0.0,1.89,83.34,100.0,,49.2,Medium
F0046,Livestock,Sheep,Andhra Pradesh,7,6.5,,,,,33.5,37.1,70.3,96.0,86.4,3.7,No Disease,0,1.0,2.01,62.72,100.0,,71.2,High
F0047,Livestock,Buffalo,Tamil Nadu,2,9.2,,,,,8.0,9.1,74.4,168.1,61.8,3.2,No Disease,0,1.6,2.11,14.63,100.0,,47.6,Medium
F0048,Aquaculture,Catla,Andhra Pradesh,4,3.7,26.2,8.05,5.8,0.16,61.9,73.9,96.4,46.0,83.5,4.4,No Disease,0,3.0,1.36,125.02,100.0,89.8,49.9,Medium
F0049,Livestock,Cattle,West Bengal,7,18.7,,,,,56.7,41.2,64.3,118.6,65.9,3.6,No Disease,0,2.5,1.94,63.76,100.0,,69.9,High
F0050,Livestock,Sheep,West Bengal,7,16.1,,,,,53.8,46.4,94.8,78.9,92.8,4.2,No Disease,0,0.0,1.78,67.48,100.0,,56.9,Medium
F0051,Aquaculture,Tilapia,Karnataka,5,20.5,32.0,7.38,4.21,0.08,73.3,105.8,64.8,13.2,80.9,3.7,No Disease,0,3.5,1.39,149.74,100.0,79.0,82.2,High
F0052,Livestock,Cattle,Karnataka,5,12.5,,,,,33.5,25.1,79.9,96.0,77.2,3.9,No Disease,0,1.2,2.1,41.39,100.0,,54.2,Medium
F0053,Aquaculture,Rohu,Telangana,7,13.6,27.9,7.32,4.33,0.15,83.0,204.7,78.2,56.0,81.2,3.8,No Disease,0,1.8,1.42,316.24,100.0,93.8,71.5,High
F0054,Livestock,Cattle,Andhra Pradesh,2,6.1,,,,,47.5,16.9,96.4,87.0,87.7,3.3,No Disease,0,2.7,2.1,27.36,100.0,,49.6,Medium
F0055,Aquaculture,Tilapia,Andhra Pradesh,3,21.9,26.8,7.26,5.38,0.29,117.9,78.8,68.0,131.8,91.6,3.7,No Disease,0,1.6,1.25,88.44,100.0,88.7,98.8,High
F0056,Livestock,Cattle,West Bengal,2,10.7,,,,,21.3,7.6,56.0,115.6,77.2,3.3,No Disease,0,1.8,2.0,8.33,100.0,,75.1,High
F0057,Livestock,Poultry,Andhra Pradesh,7,2.7,,,,,58.8,42.2,97.6,23.1,50.5,3.8,No Disease,0,0.9,1.75,48.9,100.0,,37.1,Medium
F0058,Aquaculture,Shrimp,Telangana,4,24.1,29.2,8.28,5.4,0.18,78.0,156.3,84.2,41.5,74.6,2.5,Early Mortality Syndrome,1,1.2,1.69,228.88,100.0,89.4,79.0,High
F0059,Aquaculture,Pangasius,West Bengal,4,16.0,25.5,8.11,4.29,0.26,103.1,193.9,69.9,119.7,89.2,4.3,No Disease,0,2.1,1.59,324.52,100.0,86.3,91.2,High
F0060,Aquaculture,Tilapia,Telangana,4,22.0,29.1,7.97,5.36,0.97,62.3,34.5,60.1,40.9,69.7,3.0,White Spot Disease,1,15.9,1.81,42.22,86.1,79.3,95.5,High
F0061,Aquaculture,Rohu,Tamil Nadu,2,4.7,28.9,8.5,3.21,0.49,110.2,111.4,78.2,113.0,84.0,3.3,No Disease,0,2.9,1.36,140.14,100.0,77.8,80.6,High
F0062,Aquaculture,Rohu,West Bengal,2,13.1,28.1,7.8,6.29,0.32,58.6,218.3,94.7,87.7,81.1,3.9,No Disease,0,0.4,1.4,282.49,100.0,99.6,48.8,Medium
F0063,Aquaculture,Catla,Andhra Pradesh,7,6.7,28.6,7.32,5.93,0.19,40.0,24.1,80.9,65.7,71.6,3.4,No Disease,0,4.5,1.43,36.04,100.0,91.8,50.4,Medium
F0064,Aquaculture,Rohu,Tamil Nadu,7,13.6,26.1,7.52,6.14,0.58,128.6,72.6,65.0,39.7,62.5,3.6,No Disease,0,1.4,1.69,110.59,100.0,84.5,87.2,High
F0065,Aquaculture,Pangasius,Karnataka,1,3.6,29.0,7.75,4.63,0.2,98.6,201.8,80.0,122.6,63.2,3.5,No Disease,0,0.2,1.54,212.23,100.0,95.4,64.6,Medium
F0066,Livestock,Sheep,Telangana,5,4.2,,,,,53.5,31.0,66.4,26.9,51.7,4.1,No Disease,0,2.5,2.08,39.51,100.0,,67.0,High
F0067,Livestock,Cattle,Andhra Pradesh,7,22.3,,,,,54.4,56.7,89.8,13.8,59.8,4.3,No Disease,0,0.0,1.98,74.57,100.0,,43.8,Medium
F0068,Aquaculture,Pangasius,Tamil Nadu,7,19.8,29.1,7.46,7.21,0.27,45.8,39.5,85.8,13.0,58.1,2.0,No Disease,0,0.0,1.28,50.55,100.0,91.5,45.6,Medium
F0069,Livestock,Goat,Telangana,3,3.9,,,,,18.1,7.7,83.4,137.6,59.0,1.9,No Disease,0,2.1,2.33,9.76,100.0,,41.1,Medium
F0070,Livestock,Sheep,Karnataka,2,4.1,,,,,63.1,39.3,77.8,7.6,96.3,4.0,No Disease,1,10.9,2.9,59.88,100.0,,99.0,High
F0071,Livestock,Cattle,Tamil Nadu,2,20.6,,,,,74.6,15.0,71.0,77.8,68.3,3.5,Mastitis,1,7.1,2.41,21.78,100.0,,87.6,High
F0072,Livestock,Cattle,Andhra Pradesh,6,13.9,,,,,24.4,33.6,82.4,39.8,96.9,3.8,No Disease,0,1.4,1.91,51.31,100.0,,65.2,High
F0073,Aquaculture,Pangasius,Andhra Pradesh,5,4.8,27.8,7.76,6.01,0.34,69.9,136.3,91.2,131.9,78.3,3.5,No Disease,0,4.7,1.56,231.53,100.0,98.7,52.9,Medium
F0074,Livestock,Buffalo,Telangana,1,10.0,,,,,46.9,49.1,86.9,158.7,59.7,2.3,No Disease,0,2.3,2.15,70.24,100.0,,44.8,Medium
F0075,Aquaculture,Shrimp,Tamil Nadu,2,10.4,27.7,7.81,4.42,0.36,174.1,104.6,69.1,26.8,68.1,4.2,No Disease,0,4.6,1.38,178.76,100.0,98.7,94.4,High
F0076,Livestock,Poultry,Karnataka,4,2.3,,,,,5.1,12.3,56.3,30.0,54.6,2.8,No Disease,0,1.0,2.08,14.24,100.0,,65.0,Medium
F0077,Livestock,Buffalo,West Bengal,4,3.9,,,,,50.0,36.9,56.0,58.0,78.7,2.2,No Disease,0,2.1,1.88,50.34,100.0,,83.5,High
F0078,Livestock,Cattle,Karnataka,3,18.8,,,,,37.6,7.1,64.5,107.7,84.0,4.5,No Disease,0,2.7,2.15,7.69,100.0,,76.1,High
F0079,Aquaculture,Tilapia,West Bengal,4,20.3,24.9,7.97,3.79,0.13,43.7,25.6,90.8,49.2,77.3,2.7,No Disease,0,3.5,1.41,42.84,100.0,83.5,46.0,Medium
F0080,Livestock,Buffalo,Andhra Pradesh,4,1.3,,,,,75.3,42.9,82.1,9.0,92.9,4.3,No Disease,0,1.2,1.75,70.61,100.0,,75.0,High
F0081,Aquaculture,Catla,Telangana,3,24.1,25.6,7.32,4.13,0.09,158.3,81.7,61.7,153.6,57.0,3.5,No Disease,0,3.6,1.32,87.35,100.0,84.6,97.9,High
F0082,Livestock,Poultry,Karnataka,1,5.4,,,,,8.9,26.3,66.2,131.5,97.0,2.5,No Disease,0,0.2,2.6,44.19,100.0,,77.6,High
F0083,Aquaculture,Shrimp,West Bengal,5,23.7,26.9,7.53,5.83,0.2,118.6,140.4,59.9,154.8,86.1,2.2,No Disease,0,1.9,1.3,194.84,100.0,92.4,100.0,High
F0084,Livestock,Cattle,Karnataka,6,19.1,,,,,55.2,28.8,72.7,117.2,73.9,2.0,No Disease,0,0.9,1.8,32.12,100.0,,64.2,Medium
F0085,Aquaculture,Pangasius,West Bengal,3,5.7,25.6,8.03,6.78,0.31,118.1,147.1,59.0,61.9,67.1,3.0,No Disease,0,0.0,1.26,158.09,100.0,87.6,90.5,High
F0086,Aquaculture,Catla,Telangana,3,24.6,23.4,7.9,5.56,0.53,128.8,203.5,72.0,164.7,77.9,2.4,No Disease,0,3.3,1.37,351.02,100.0,77.1,86.5,High
F0087,Livestock,Cattle,West Bengal,7,3.9,,,,,49.9,3.9,70.6,131.9,88.5,2.6,No Disease,0,0.6,2.29,6.6,100.0,,76.7,High
F0088,Aquaculture,Pangasius,Telangana,6,20.9,29.0,7.41,4.7,0.34,93.1,243.9,69.5,53.4,94.5,2.3,No Disease,0,2.4,1.58,305.18,100.0,91.3,93.4,High
F0089,Livestock,Sheep,Andhra Pradesh,5,20.3,,,,,44.4,16.2,59.9,15.7,83.1,2.9,No Disease,0,0.4,2.5,22.75,100.0,,81.7,High
F0090,Livestock,Goat,Karnataka,2,13.3,,,,,52.6,9.3,84.1,58.5,81.4,2.0,No Disease,0,1.0,2.19,13.49,100.0,,58.2,Medium
F0091,Livestock,Poultry,Tamil Nadu,3,10.4,,,,,7.5,19.6,83.1,168.9,91.2,3.9,No Disease,0,1.9,1.94,28.8,100.0,,55.7,Medium
F0092,Livestock,Sheep,Tamil Nadu,2,17.8,,,,,33.6,9.5,72.7,144.4,70.4,1.8,No Disease,1,7.7,2.28,15.97,99.1,,76.0,High
F0093,Livestock,Sheep,Andhra Pradesh,1,12.3,,,,,6.4,57.8,86.2,54.9,89.0,2.6,No Disease,0,1.9,2.46,61.71,100.0,,50.6,Medium
F0094,Livestock,Cattle,Karnataka,3,7.4,,,,,66.8,6.3,64.7,131.4,76.7,2.0,No Disease,0,2.1,2.56,10.0,100.0,,77.4,High
F0095,Livestock,Buffalo,Karnataka,5,5.1,,,,,48.0,40.2,65.8,39.6,70.9,3.8,No Disease,1,3.1,2.42,49.79,100.0,,86.9,High
F0096,Livestock,Poultry,Andhra Pradesh,7,10.8,,,,,52.3,36.3,85.2,42.7,72.2,2.1,No Disease,0,1.6,2.14,55.19,100.0,,49.6,Medium
F0097,Livestock,Cattle,Andhra Pradesh,5,13.9,,,,,5.2,4.3,81.0,163.3,57.7,3.1,No Disease,0,0.0,1.64,5.73,100.0,,40.3,Medium
F0098,Livestock,Cattle,Andhra Pradesh,1,3.7,,,,,5.6,14.7,56.6,19.4,63.0,4.0,No Disease,0,1.3,2.17,15.6,100.0,,64.8,Medium
F0099,Livestock,Goat,West Bengal,4,17.2,,,,,71.0,35.3,56.3,121.6,47.4,3.0,Respiratory Infection,1,8.2,2.54,51.88,98.0,,100.0,High
F0100,Aquaculture,Shrimp,West Bengal,1,16.5,26.8,7.87,6.81,0.41,56.0,108.3,74.6,66.4,60.2,3.0,No Disease,0,1.7,1.33,189.89,100.0,94.1,59.4,Medium
F0101,Aquaculture,Rohu,Andhra Pradesh,7,14.9,27.8,7.81,5.91,0.28,125.8,221.0,86.1,21.7,93.8,2.2,No Disease,0,2.0,1.41,273.16,100.0,99.1,84.4,High
F0102,Livestock,Buffalo,Telangana,6,11.7,,,,,73.3,48.9,64.3,84.0,88.3,2.0,No Disease,1,4.3,2.41,67.47,100.0,,100.0,High
F0103,Livestock,Buffalo,Karnataka,5,16.5,,,,,33.8,28.1,79.9,136.7,50.2,4.2,No Disease,0,2.1,1.4,38.16,100.0,,48.5,Medium
F0104,Livestock,Poultry,Telangana,4,14.9,,,,,71.8,22.1,61.6,4.6,79.2,3.5,Respiratory Infection,1,9.8,2.15,31.47,97.2,,100.0,High
F0105,Livestock,Cattle,West Bengal,7,12.7,,,,,12.9,11.7,96.8,41.1,96.8,3.2,Mastitis,1,1.2,2.09,14.27,100.0,,67.9,High
F0106,Livestock,Buffalo,Karnataka,5,4.7,,,,,72.5,8.7,96.1,56.5,92.1,3.4,No Disease,0,0.0,1.63,10.77,100.0,,59.7,Medium
F0107,Livestock,Cattle,Karnataka,3,5.0,,,,,44.9,11.8,65.6,150.9,63.9,4.0,Respiratory Infection,1,3.2,2.64,18.66,100.0,,85.6,High
F0108,Livestock,Poultry,Karnataka,5,12.4,,,,,38.3,38.3,76.0,72.3,97.7,4.2,No Disease,0,0.3,2.12,48.89,100.0,,75.7,High
F0109,Livestock,Sheep,Telangana,4,24.3,,,,,73.0,9.7,80.5,107.8,63.7,3.0,No Disease,0,1.7,1.9,12.87,100.0,,57.8,Medium
F0110,Aquaculture,Rohu,Telangana,4,20.9,28.9,7.79,6.33,0.24,122.4,106.3,67.3,36.6,87.8,3.0,No Disease,0,3.6,1.49,189.7,100.0,96.3,97.5,High
F0111,Livestock,Sheep,Tamil Nadu,3,17.6,,,,,65.5,29.6,97.8,10.7,45.2,3.5,No Disease,0,2.4,2.2,48.85,100.0,,38.6,Medium
F0112,Aquaculture,Tilapia,West Bengal,5,19.1,31.6,8.45,4.67,0.44,142.6,141.6,89.1,178.3,63.6,4.5,White Spot Disease,1,9.4,1.74,213.3,99.7,76.8,86.6,High
F0113,Livestock,Poultry,Telangana,5,23.9,,,,,66.6,48.9,93.0,126.0,50.5,2.9,No Disease,0,3.6,2.2,68.65,100.0,,43.6,Medium
F0114,Livestock,Goat,Tamil Nadu,6,8.7,,,,,70.2,41.5,59.9,151.6,57.8,3.1,No Disease,0,1.9,1.92,53.16,100.0,,77.6,High
F0115,Aquaculture,Pangasius,West Bengal,7,14.3,28.4,8.4,4.79,0.12,146.3,63.2,86.0,156.0,74.5,4.1,No Disease,0,0.0,1.77,75.06,100.0,91.2,74.2,High
F0116,Livestock,Sheep,Andhra Pradesh,7,15.0,,,,,15.7,47.0,66.7,89.4,60.1,2.2,Parasitic Infection,1,4.6,2.45,56.09,100.0,,77.2,High
F0117,Aquaculture,Shrimp,West Bengal,1,23.3,29.2,7.71,5.03,0.27,119.1,219.3,79.6,163.3,95.5,3.1,No Disease,0,0.9,1.51,226.72,100.0,94.1,90.6,High
F0118,Livestock,Cattle,Karnataka,5,2.2,,,,,57.8,2.3,62.2,128.3,80.3,4.4,No Disease,0,0.9,1.92,3.56,100.0,,80.5,High
F0119,Livestock,Poultry,Telangana,1,16.8,,,,,42.4,24.3,92.2,85.7,50.9,3.5,No Disease,1,7.2,2.12,31.37,100.0,,58.4,Medium
F0120,Aquaculture,Rohu,Tamil Nadu,3,17.0,30.1,8.45,5.85,0.38,45.0,110.8,95.0,22.6,86.7,4.4,Parasitic Infection,1,21.1,1.62,118.36,80.9,83.8,69.6,High
F0121,Livestock,Cattle,Andhra Pradesh,4,15.3,,,,,13.4,31.9,66.5,150.4,45.8,2.8,Mastitis,1,5.8,1.79,40.93,100.0,,76.8,High
F0122,Aquaculture,Pangasius,West Bengal,1,19.6,29.3,7.78,7.22,0.28,83.7,198.0,88.2,93.8,97.0,2.3,Parasitic Infection,1,8.9,1.83,240.07,100.0,94.6,94.3,High
F0123,Livestock,Buffalo,West Bengal,6,4.7,,,,,21.7,39.2,79.5,102.3,80.1,3.3,No Disease,0,1.9,2.29,47.19,100.0,,54.0,Medium
F0124,Aquaculture,Rohu,Telangana,4,15.9,28.8,7.87,4.58,0.94,48.4,174.5,80.0,178.2,65.3,3.3,No Disease,0,4.2,1.51,203.12,100.0,82.5,52.1,Medium
F0125,Aquaculture,Shrimp,Telangana,2,4.5,31.2,8.08,4.09,0.29,153.6,166.3,71.7,121.3,66.2,2.9,No Disease,0,3.5,1.44,260.46,100.0,83.8,86.7,High
F0126,Livestock,Poultry,Telangana,6,11.4,,,,,42.3,15.4,56.9,74.8,61.0,3.9,No Disease,0,2.2,2.05,23.6,100.0,,73.7,High
F0127,Livestock,Goat,Andhra Pradesh,2,15.2,,,,,17.4,27.8,64.0,9.0,89.7,4.4,No Disease,0,1.5,2.08,32.85,100.0,,76.1,High
F0128,Aquaculture,Tilapia,West Bengal,4,23.2,29.1,7.81,4.56,0.33,106.8,185.2,65.6,115.3,83.7,2.4,No Disease,0,1.5,1.45,186.54,100.0,95.5,92.1,High
F0129,Livestock,Buffalo,Tamil Nadu,4,3.2,,,,,65.4,4.7,89.7,32.0,72.3,4.0,No Disease,0,5.0,1.63,6.28,100.0,,48.5,Medium
F0130,Livestock,Goat,Telangana,5,6.4,,,,,9.3,27.8,66.8,112.0,97.6,2.8,No Disease,0,0.7,2.19,46.41,100.0,,77.6,High
F0131,Livestock,Sheep,Telangana,4,12.9,,,,,48.6,27.3,79.9,93.0,85.2,2.6,No Disease,0,1.3,2.23,42.21,100.0,,64.4,Medium
F0132,Aquaculture,Catla,Telangana,1,12.1,26.4,7.4,5.95,0.1,44.6,166.3,70.7,53.1,92.8,3.2,No Disease,1,7.1,2.02,276.03,100.0,88.8,98.7,High
F0133,Aquaculture,Pangasius,Telangana,2,22.5,26.6,6.97,5.89,0.06,47.6,243.8,64.7,54.8,68.1,2.6,Parasitic Infection,1,15.5,1.95,409.28,88.5,84.4,87.2,High
F0134,Aquaculture,Pangasius,Andhra Pradesh,1,23.9,30.2,8.09,4.74,0.13,166.3,205.5,97.3,135.8,71.9,3.5,No Disease,0,4.7,1.52,233.01,100.0,87.7,65.8,High
F0135,Aquaculture,Tilapia,West Bengal,6,9.3,22.4,7.65,5.34,0.33,58.2,148.8,88.6,127.5,62.4,4.4,No Disease,0,1.6,1.49,163.69,100.0,75.8,46.0,Medium
F0136,Aquaculture,Tilapia,Telangana,1,1.6,26.7,8.07,3.9,0.13,177.0,217.0,85.2,130.9,79.2,4.4,No Disease,0,2.7,1.35,344.5,100.0,90.6,86.4,High
F0137,Aquaculture,Catla,Tamil Nadu,3,10.5,28.6,7.64,6.28,0.31,53.7,148.6,76.5,127.1,78.0,3.4,No Disease,0,0.4,1.44,262.9,100.0,95.7,63.3,Medium
F0138,Aquaculture,Rohu,Andhra Pradesh,1,1.5,28.5,7.91,6.25,0.57,84.3,207.8,76.6,12.8,68.5,4.3,No Disease,0,0.0,1.57,234.87,100.0,92.4,64.5,Medium
F0139,Aquaculture,Pangasius,West Bengal,4,17.1,25.4,7.12,3.68,0.46,142.6,113.0,57.9,141.1,67.3,3.1,No Disease,0,1.8,1.35,198.38,100.0,76.7,97.8,High
F0140,Aquaculture,Rohu,Telangana,1,18.8,29.2,8.47,5.17,0.22,176.8,43.7,78.6,176.2,78.9,2.5,No Disease,0,0.8,1.46,64.87,100.0,87.2,92.7,High
F0141,Livestock,Buffalo,West Bengal,2,17.9,,,,,26.6,40.1,96.6,108.7,49.1,2.0,No Disease,0,3.2,2.34,58.3,100.0,,30.1,Low
F0142,Aquaculture,Rohu,Telangana,6,17.3,31.0,8.31,3.63,0.42,78.0,157.5,92.2,170.4,59.6,2.4,No Disease,0,1.7,1.5,231.54,100.0,77.7,47.3,Medium
F0143,Livestock,Sheep,Telangana,2,18.8,,,,,52.1,24.4,95.3,97.6,94.8,2.4,No Disease,0,0.7,2.17,35.76,100.0,,57.6,Medium
F0144,Livestock,Buffalo,Karnataka,5,3.2,,,,,11.9,45.4,94.3,78.1,58.7,3.0,Respiratory Infection,1,11.2,2.77,53.09,99.0,,48.7,Medium
F0145,Livestock,Cattle,Telangana,6,23.8,,,,,66.4,4.9,94.2,5.3,63.9,1.8,No Disease,0,0.1,1.91,6.95,100.0,,42.4,Medium
F0146,Aquaculture,Tilapia,Karnataka,4,23.0,27.3,8.25,3.37,0.24,150.1,111.4,77.1,45.6,97.5,2.7,No Disease,0,2.9,1.34,141.13,100.0,85.5,100.0,High
F0147,Aquaculture,Pangasius,Karnataka,6,13.1,30.8,8.12,7.34,0.17,74.8,182.3,73.4,79.7,82.9,4.3,No Disease,1,7.8,1.48,185.5,100.0,85.0,95.6,High
F0148,Aquaculture,Pangasius,Tamil Nadu,3,20.3,26.8,7.78,4.52,0.15,139.8,22.6,72.6,166.3,59.8,3.3,No Disease,0,3.3,1.62,37.54,100.0,95.0,82.4,High
F0149,Aquaculture,Shrimp,Andhra Pradesh,1,3.5,25.3,7.39,8.15,0.5,90.0,101.4,90.6,142.1,68.2,4.3,No Disease,0,2.1,1.05,177.74,100.0,81.8,51.9,Medium
F0150,Livestock,Cattle,Karnataka,7,12.7,,,,,10.8,50.1,70.0,93.9,87.1,4.2,No Disease,0,0.0,1.73,75.42,100.0,,66.4,High
F0151,Aquaculture,Pangasius,Tamil Nadu,6,6.3,30.4,8.26,3.95,0.26,51.7,24.4,62.1,160.4,65.4,2.9,White Spot Disease,1,20.9,1.88,29.19,73.6,84.4,90.8,High
F0152,Aquaculture,Catla,Telangana,1,6.0,28.6,7.82,6.7,0.19,162.0,176.2,72.7,135.6,63.8,2.8,No Disease,0,1.9,1.8,307.73,100.0,97.4,87.8,High
F0153,Aquaculture,Pangasius,Andhra Pradesh,3,4.1,29.9,8.35,5.74,0.52,160.0,174.8,72.5,159.4,64.5,3.8,No Disease,0,3.6,1.6,239.83,100.0,82.8,87.5,High
F0154,Aquaculture,Shrimp,Karnataka,4,16.6,30.6,9.36,4.84,0.49,107.8,23.1,72.6,116.6,55.7,2.7,White Spot Disease,1,4.0,1.78,36.83,100.0,68.6,94.4,High
F0155,Aquaculture,Pangasius,Andhra Pradesh,4,16.2,30.0,6.34,4.45,0.24,142.1,159.9,85.4,67.4,70.9,2.1,No Disease,1,15.0,1.73,267.65,87.7,74.5,90.8,High
F0156,Livestock,Buffalo,West Bengal,3,5.1,,,,,63.0,33.8,57.9,138.0,75.9,3.9,No Disease,0,1.9,1.78,48.48,100.0,,82.6,High
F0157,Aquaculture,Shrimp,Andhra Pradesh,5,6.2,25.1,7.0,4.71,0.17,124.8,119.6,88.3,153.5,78.3,3.9,No Disease,0,0.8,1.72,175.91,100.0,78.8,69.5,High
F0158,Livestock,Sheep,Tamil Nadu,6,6.4,,,,,59.3,45.3,79.0,105.2,52.1,3.0,No Disease,0,3.1,2.6,65.49,100.0,,55.8,Medium
F0159,Aquaculture,Pangasius,West Bengal,7,7.3,27.6,8.45,6.1,0.12,155.3,34.5,88.4,147.9,74.8,4.5,No Disease,0,1.0,1.53,40.5,100.0,90.6,74.3,High
F0160,Livestock,Poultry,West Bengal,6,3.3,,,,,70.9,16.1,79.0,7.0,80.3,2.7,No Disease,0,1.8,2.08,18.91,100.0,,67.0,High
F0161,Aquaculture,Catla,Telangana,1,19.3,29.5,8.32,5.19,0.23,120.0,89.9,68.7,173.0,93.3,4.1,No Disease,0,1.6,1.35,91.03,100.0,87.8,99.9,High
F0162,Aquaculture,Rohu,West Bengal,3,11.6,23.6,7.04,4.53,0.23,129.4,188.6,84.1,24.9,79.9,3.4,No Disease,0,4.1,1.18,284.12,100.0,73.3,76.2,High
F0163,Livestock,Buffalo,Andhra Pradesh,6,7.6,,,,,53.7,48.7,85.7,106.8,47.8,3.0,No Disease,0,3.5,2.0,72.47,100.0,,47.7,Medium
F0164,Livestock,Goat,Karnataka,6,22.8,,,,,61.1,49.0,72.8,36.7,47.2,3.4,No Disease,0,1.3,1.68,64.6,100.0,,62.5,Medium
F0165,Livestock,Sheep,Karnataka,7,22.2,,,,,41.6,25.3,61.6,103.1,59.7,4.3,No Disease,0,0.7,1.96,36.05,100.0,,68.8,High
F0166,Aquaculture,Rohu,Karnataka,4,2.6,29.1,7.63,5.03,0.28,143.2,85.9,89.5,179.5,56.3,4.2,No Disease,0,3.8,1.43,90.19,100.0,93.6,66.3,High
F0167,Livestock,Sheep,West Bengal,4,24.4,,,,,66.3,51.4,95.3,15.3,65.4,2.0,No Disease,0,1.0,1.93,57.43,100.0,,41.3,Medium
F0168,Aquaculture,Shrimp,Telangana,7,8.3,27.8,8.04,6.07,0.17,85.7,88.9,65.0,23.3,66.0,2.9,No Disease,0,2.9,1.35,99.35,100.0,96.3,76.4,High
F0169,Aquaculture,Catla,West Bengal,1,14.8,25.3,7.98,6.71,0.23,82.5,91.7,55.1,31.4,92.6,3.1,No Disease,0,0.5,1.63,118.39,100.0,87.0,100.0,High
F0170,Livestock,Goat,Karnataka,4,17.5,,,,,79.4,40.5,63.6,8.1,51.7,3.3,No Disease,0,0.0,2.5,59.1,100.0,,76.2,High
F0171,Livestock,Sheep,Telangana,6,16.5,,,,,32.1,51.9,72.5,59.1,69.1,3.9,No Disease,0,1.8,1.69,72.95,100.0,,55.5,Medium
F0172,Aquaculture,Catla,West Bengal,7,9.1,25.8,8.28,5.43,0.22,108.7,113.5,93.8,108.7,79.8,3.4,No Disease,0,1.5,1.58,179.74,100.0,85.4,61.2,Medium
F0173,Aquaculture,Catla,Telangana,2,23.8,25.2,8.14,5.61,0.21,75.0,80.5,55.0,156.7,89.1,3.6,No Disease,0,0.0,1.34,86.54,100.0,84.7,99.0,High
F0174,Livestock,Goat,West Bengal,6,5.9,,,,,22.9,54.7,75.1,83.9,85.3,2.2,No Disease,0,2.7,1.91,61.24,100.0,,62.9,Medium
F0175,Livestock,Cattle,Telangana,1,9.1,,,,,43.3,37.7,94.2,91.8,71.6,1.9,No Disease,0,1.2,2.07,38.36,100.0,,37.9,Medium
F0176,Livestock,Sheep,West Bengal,5,14.6,,,,,59.3,8.5,81.2,50.6,54.2,2.8,No Disease,0,1.8,1.89,9.91,100.0,,53.6,Medium
F0177,Aquaculture,Tilapia,West Bengal,3,13.2,30.8,7.39,4.37,0.23,79.6,116.3,67.6,59.8,67.6,2.1,No Disease,0,0.4,1.55,143.81,100.0,83.9,72.3,High
F0178,Aquaculture,Tilapia,Telangana,4,5.8,27.4,8.12,7.14,0.19,116.0,99.8,73.7,143.0,67.0,2.4,No Disease,0,2.5,1.46,174.77,100.0,93.8,75.3,High
F0179,Aquaculture,Rohu,Tamil Nadu,4,21.8,25.3,7.95,5.14,0.33,110.2,76.7,75.3,119.1,87.3,3.9,No Disease,0,2.8,1.58,80.11,100.0,87.4,86.1,High
F0180,Aquaculture,Catla,Telangana,2,4.3,23.7,7.02,4.93,0.35,136.7,82.5,63.2,33.2,69.7,3.1,No Disease,0,2.3,1.76,101.5,100.0,73.4,91.0,High
F0181,Aquaculture,Shrimp,West Bengal,3,24.5,30.3,7.85,6.46,0.16,132.2,234.3,90.3,102.0,83.3,4.2,No Disease,0,1.8,1.47,342.43,100.0,90.2,73.4,High
F0182,Aquaculture,Pangasius,Telangana,5,6.8,28.8,7.69,5.9,0.43,126.4,218.6,64.6,157.2,88.9,3.9,No Disease,0,4.1,1.39,224.16,100.0,94.7,100.0,High
F0183,Livestock,Buffalo,West Bengal,6,20.3,,,,,8.8,5.1,84.8,82.4,57.0,3.5,No Disease,0,1.9,2.11,6.8,100.0,,37.4,Medium
F0184,Aquaculture,Shrimp,Telangana,2,23.5,25.0,7.9,4.76,0.44,167.8,150.1,62.9,25.1,79.8,3.9,No Disease,0,1.2,1.49,200.63,100.0,85.8,100.0,High
F0185,Aquaculture,Tilapia,Telangana,4,20.6,25.1,7.64,5.36,0.26,118.7,184.4,57.9,75.2,60.0,3.5,No Disease,0,1.7,1.34,265.63,100.0,86.5,91.8,High
F0186,Aquaculture,Pangasius,Tamil Nadu,6,8.6,30.3,7.73,5.14,0.33,145.0,142.3,78.1,50.1,64.3,2.7,No Disease,0,2.1,1.18,223.14,100.0,90.0,78.2,High
F0187,Livestock,Goat,Karnataka,2,20.8,,,,,24.7,20.2,91.0,9.0,69.6,2.8,No Disease,0,1.3,1.98,31.24,100.0,,35.2,Medium
F0188,Aquaculture,Pangasius,Andhra Pradesh,1,6.1,28.6,7.61,2.36,0.25,74.9,145.9,66.8,162.3,64.3,4.2,No Disease,0,3.5,1.65,183.76,100.0,78.9,71.9,High
F0189,Aquaculture,Rohu,Andhra Pradesh,4,4.1,27.7,8.09,4.49,0.4,178.6,25.9,81.0,118.7,84.6,2.3,No Disease,0,0.1,1.55,32.27,100.0,95.3,95.3,High
F0190,Livestock,Cattle,Andhra Pradesh,6,21.8,,,,,64.8,44.0,84.7,61.3,87.7,1.9,No Disease,0,2.1,1.87,73.21,100.0,,65.7,High
F0191,Aquaculture,Catla,Karnataka,4,10.9,27.0,7.11,4.51,0.44,74.7,180.5,70.7,101.9,55.3,2.2,No Disease,0,1.2,1.52,254.6,100.0,86.7,68.0,High
F0192,Aquaculture,Rohu,Tamil Nadu,7,10.5,26.5,8.13,5.84,0.18,170.3,41.9,74.4,60.7,92.4,2.2,Parasitic Infection,1,10.0,1.68,56.72,95.8,90.0,100.0,High
F0193,Aquaculture,Catla,West Bengal,4,22.3,28.6,7.21,5.81,0.37,61.5,54.3,66.5,65.0,72.6,3.7,White Spot Disease,1,17.1,1.65,62.7,85.4,90.5,91.0,High
F0194,Aquaculture,Catla,Telangana,6,9.4,26.2,7.62,5.51,0.16,162.5,201.8,61.1,98.2,59.5,2.1,No Disease,0,2.4,0.92,220.73,100.0,90.6,99.5,High
F0195,Aquaculture,Rohu,Karnataka,7,1.4,30.6,7.91,4.92,0.09,126.7,114.6,73.4,59.5,79.3,4.1,No Disease,0,3.4,1.55,165.59,100.0,88.3,85.7,High
F0196,Livestock,Buffalo,Tamil Nadu,5,4.2,,,,,24.0,29.3,76.2,35.1,79.6,3.9,No Disease,0,1.4,1.93,31.21,100.0,,57.5,Medium
F0197,Livestock,Goat,Andhra Pradesh,6,6.2,,,,,55.7,36.5,80.9,122.9,75.5,3.0,No Disease,0,0.4,2.19,52.48,100.0,,57.4,Medium
F0198,Livestock,Poultry,Karnataka,2,11.2,,,,,53.8,14.3,60.2,126.2,51.0,4.5,No Disease,0,2.7,2.12,22.73,100.0,,73.2,High
F0199,Aquaculture,Catla,Karnataka,5,8.0,27.9,8.69,6.37,0.33,95.7,205.4,80.5,29.9,56.1,2.9,No Disease,0,2.4,1.39,347.21,100.0,88.9,63.4,Medium
F0200,Aquaculture,Pangasius,Karnataka,1,21.0,28.3,7.88,6.38,0.47,172.4,88.0,55.0,49.0,64.4,3.7,No Disease,0,3.7,1.23,127.18,100.0,96.1,100.0,High
F0201,Aquaculture,Catla,Andhra Pradesh,7,10.1,26.1,7.94,6.74,0.17,149.2,47.2,55.0,128.2,70.3,2.6,Bacterial Infection,1,12.7,2.3,50.41,92.4,90.7,100.0,High
F0202,Livestock,Poultry,West Bengal,7,8.6,,,,,79.2,15.1,71.8,86.4,52.3,2.0,No Disease,0,1.4,2.24,18.48,100.0,,68.0,High
F0203,Aquaculture,Tilapia,Karnataka,1,7.8,31.0,8.37,4.41,0.2,128.5,49.5,79.9,124.8,85.1,3.9,No Disease,0,3.1,1.71,56.89,100.0,81.2,84.3,High
F0204,Aquaculture,Catla,Tamil Nadu,2,8.1,31.6,7.78,4.46,0.17,117.1,140.4,67.1,53.7,66.9,3.9,No Disease,0,2.0,1.53,147.89,100.0,85.4,82.2,High
F0205,Livestock,Goat,West Bengal,4,5.6,,,,,8.1,30.9,84.6,45.4,61.3,3.5,No Disease,0,0.7,2.34,44.76,100.0,,37.4,Medium
F0206,Aquaculture,Tilapia,Andhra Pradesh,7,20.0,26.3,8.38,5.25,0.37,142.5,232.5,96.9,150.0,68.0,4.4,No Disease,0,0.2,1.65,301.32,100.0,86.2,58.7,Medium
F0207,Livestock,Buffalo,Andhra Pradesh,3,1.0,,,,,48.8,58.2,71.2,11.2,63.0,3.2,No Disease,0,0.0,1.83,74.52,100.0,,61.0,Medium
F0208,Livestock,Goat,West Bengal,2,10.6,,,,,54.5,27.6,82.9,11.1,88.1,4.3,No Disease,0,1.4,1.7,39.23,100.0,,65.2,High
F0209,Livestock,Sheep,Tamil Nadu,3,15.2,,,,,27.3,11.4,84.1,6.9,77.9,3.7,Foot and Mouth Disease,1,3.9,2.19,15.63,100.0,,69.0,High
F0210,Aquaculture,Shrimp,Telangana,2,7.6,24.1,7.4,5.13,0.24,100.6,157.0,58.5,169.1,87.5,3.5,No Disease,0,5.4,1.38,261.08,100.0,79.6,100.0,High
F0211,Aquaculture,Pangasius,Karnataka,7,10.1,29.1,6.53,5.88,0.27,134.1,130.7,89.8,171.1,55.9,4.5,No Disease,1,7.0,1.73,176.69,100.0,80.4,83.7,High
F0212,Aquaculture,Tilapia,Andhra Pradesh,5,10.9,30.1,7.9,3.91,0.19,102.0,31.1,90.3,148.7,80.3,2.9,No Disease,0,2.7,1.65,50.62,100.0,89.5,63.4,Medium
F0213,Aquaculture,Catla,Karnataka,7,21.5,27.4,7.78,4.79,0.25,154.7,209.7,88.9,51.0,91.0,3.4,No Disease,0,0.7,1.6,310.02,100.0,97.4,86.6,High
F0214,Aquaculture,Pangasius,Tamil Nadu,6,11.9,22.1,7.63,5.0,0.28,110.8,34.3,58.1,103.3,79.3,4.2,No Disease,0,5.2,1.56,35.55,100.0,74.4,97.0,High
F0215,Aquaculture,Shrimp,Andhra Pradesh,4,5.2,23.9,7.86,5.52,0.27,60.0,107.9,78.9,13.8,55.2,3.7,No Disease,0,0.0,1.39,109.97,100.0,82.9,56.1,Medium
F0216,Aquaculture,Tilapia,Tamil Nadu,3,8.8,29.3,7.83,5.17,0.14,63.7,31.7,81.6,37.4,80.3,2.3,No Disease,0,5.0,1.27,48.12,100.0,94.4,62.6,Medium
F0217,Livestock,Buffalo,Tamil Nadu,4,20.3,,,,,70.6,50.2,64.7,71.9,66.7,4.4,No Disease,0,0.9,2.4,70.52,100.0,,73.0,High
F0218,Aquaculture,Pangasius,Andhra Pradesh,1,9.5,28.8,8.19,7.17,0.19,126.6,150.8,57.5,113.9,88.1,4.5,Parasitic Infection,1,2.2,2.14,166.19,100.0,92.1,100.0,High
F0219,Livestock,Goat,Tamil Nadu,2,12.4,,,,,55.2,30.1,73.0,64.4,76.5,3.4,No Disease,0,0.1,2.08,45.74,100.0,,66.0,High
F0220,Aquaculture,Catla,Tamil Nadu,1,6.8,25.4,8.41,4.65,0.58,67.4,138.0,60.6,79.3,68.6,4.3,Parasitic Infection,1,7.5,1.62,183.87,100.0,77.8,96.2,High
F0221,Aquaculture,Pangasius,Telangana,5,20.4,26.3,7.64,5.41,0.14,48.5,27.1,85.7,65.1,60.4,2.6,No Disease,0,0.4,1.45,39.85,100.0,91.3,46.4,Medium
F0222,Aquaculture,Rohu,Telangana,6,18.2,24.2,8.22,4.37,0.13,63.0,61.7,89.0,69.3,73.7,3.5,No Disease,0,1.4,1.52,97.39,100.0,79.8,49.7,Medium
F0223,Livestock,Buffalo,Telangana,5,23.4,,,,,26.2,25.2,89.9,2.5,79.4,3.6,No Disease,0,3.8,1.63,36.9,100.0,,44.2,Medium
F0224,Livestock,Buffalo,Andhra Pradesh,4,13.3,,,,,60.2,14.1,60.7,114.9,61.9,2.0,No Disease,1,1.1,2.19,23.1,100.0,,94.4,High
F0225,Livestock,Sheep,West Bengal,2,14.8,,,,,20.7,58.6,82.8,168.2,61.1,3.9,No Disease,0,0.5,1.93,86.15,100.0,,42.4,Medium
F0226,Livestock,Buffalo,Tamil Nadu,7,4.4,,,,,59.5,23.3,61.3,37.2,61.6,3.5,Respiratory Infection,1,8.0,2.58,28.58,100.0,,93.6,High
F0227,Aquaculture,Rohu,Telangana,7,21.5,27.7,8.03,4.7,0.23,108.1,45.1,65.7,57.0,89.8,4.2,No Disease,0,2.6,1.55,50.39,100.0,96.0,97.2,High
F0228,Livestock,Cattle,Tamil Nadu,3,23.7,,,,,9.0,40.8,64.9,43.8,61.2,2.0,Respiratory Infection,1,7.2,2.31,47.53,100.0,,77.4,High
F0229,Aquaculture,Rohu,West Bengal,1,8.4,26.1,7.89,6.47,0.57,129.4,90.6,92.0,172.7,64.4,2.2,No Disease,0,3.6,1.71,119.72,100.0,87.1,60.4,Medium
F0230,Aquaculture,Shrimp,Tamil Nadu,7,21.7,31.2,7.72,5.73,0.4,54.8,212.9,83.9,125.5,70.6,4.2,No Disease,0,3.4,1.41,220.94,100.0,86.2,50.3,Medium
F0231,Livestock,Goat,Telangana,6,12.1,,,,,52.2,52.1,60.7,176.0,75.9,4.5,Mastitis,1,7.1,2.03,58.36,100.0,,97.1,High
F0232,Livestock,Poultry,Telangana,7,19.1,,,,,36.2,5.7,72.1,85.3,68.9,4.1,No Disease,0,1.9,2.22,6.25,100.0,,57.0,Medium
F0233,Livestock,Poultry,Telangana,7,19.1,,,,,54.6,45.3,68.4,152.2,58.8,1.8,No Disease,0,2.2,2.72,54.22,100.0,,65.2,High
F0234,Livestock,Goat,Telangana,7,19.0,,,,,10.1,44.0,94.9,77.5,51.3,3.2,No Disease,0,0.9,2.08,45.1,100.0,,27.6,Low
F0235,Livestock,Cattle,Telangana,2,14.5,,,,,34.4,48.5,69.7,80.0,80.8,3.2,No Disease,0,1.3,2.38,82.07,100.0,,67.5,High
F0236,Livestock,Buffalo,Andhra Pradesh,6,6.8,,,,,45.4,59.5,91.9,17.5,82.4,2.7,No Disease,0,1.0,2.26,93.97,100.0,,49.4,Medium
F0237,Livestock,Goat,Telangana,1,8.6,,,,,37.1,5.6,64.6,65.4,68.2,4.4,No Disease,0,1.0,2.24,8.38,100.0,,64.7,Medium
F0238,Livestock,Cattle,Tamil Nadu,5,12.6,,,,,68.3,55.1,85.9,51.0,62.3,1.9,No Disease,1,11.6,2.41,60.46,90.3,,71.2,High
F0239,Aquaculture,Tilapia,Karnataka,1,4.7,31.9,7.83,4.56,0.15,80.5,106.7,71.9,98.0,61.9,3.7,No Disease,0,4.2,1.45,169.82,100.0,84.0,68.2,High
F0240,Livestock,Poultry,Tamil Nadu,1,17.9,,,,,35.1,48.0,64.5,33.5,95.4,2.4,No Disease,1,9.2,2.72,76.66,97.6,,100.0,High
F0241,Livestock,Buffalo,Andhra Pradesh,1,14.5,,,,,62.3,8.3,97.2,68.7,86.1,2.7,No Disease,0,1.8,2.22,13.0,100.0,,51.3,Medium
F0242,Aquaculture,Catla,Andhra Pradesh,6,12.3,24.5,8.46,5.5,0.14,154.0,107.9,60.7,35.4,65.2,2.7,No Disease,0,0.5,1.7,179.03,100.0,78.1,97.8,High
F0243,Livestock,Buffalo,West Bengal,6,8.2,,,,,18.5,8.4,93.0,61.7,81.2,1.9,No Disease,0,0.1,2.15,10.67,100.0,,40.6,Medium
F0244,Aquaculture,Shrimp,Telangana,4,23.0,29.4,7.58,3.76,0.18,153.7,98.9,59.8,102.7,80.0,3.8,Bacterial Infection,1,8.1,1.76,168.26,95.7,89.4,100.0,High
F0245,Aquaculture,Tilapia,West Bengal,3,9.4,28.5,7.72,7.88,0.26,121.1,32.5,68.5,89.9,64.3,4.2,Bacterial Infection,1,5.1,1.96,48.73,100.0,97.0,100.0,High
F0246,Livestock,Buffalo,West Bengal,6,10.5,,,,,46.5,19.4,73.5,56.2,83.4,4.0,No Disease,0,0.0,2.26,26.8,100.0,,68.8,High
F0247,Aquaculture,Shrimp,Telangana,6,20.3,31.4,6.89,7.46,0.17,107.2,172.2,64.4,20.3,80.6,3.2,Early Mortality Syndrome,1,10.3,1.63,226.72,100.0,75.5,100.0,High
F0248,Aquaculture,Shrimp,Tamil Nadu,6,15.4,28.1,8.27,4.19,0.4,102.5,48.4,63.9,0.2,56.7,4.4,No Disease,0,2.3,1.67,54.33,100.0,94.0,81.7,High
F0249,Aquaculture,Catla,Karnataka,3,21.4,30.0,8.02,3.48,0.17,171.1,138.6,76.4,32.1,59.7,4.1,No Disease,0,2.4,1.21,203.34,100.0,84.2,86.4,High
F0250,Aquaculture,Pangasius,Tamil Nadu,7,23.9,29.3,8.01,4.92,0.12,63.2,182.5,78.0,114.4,63.4,2.5,Early Mortality Syndrome,1,15.0,1.83,279.87,89.2,92.3,77.8,High
F0251,Livestock,Buffalo,Andhra Pradesh,4,15.0,,,,,74.8,32.6,66.1,9.5,83.5,2.1,No Disease,0,0.3,2.09,41.27,100.0,,83.4,High
F0252,Aquaculture,Rohu,Karnataka,5,16.8,28.2,7.86,3.93,0.31,133.3,163.4,80.9,88.2,77.7,2.8,No Disease,0,1.2,1.54,174.51,100.0,97.8,78.6,High
F0253,Livestock,Buffalo,Telangana,6,14.3,,,,,25.8,34.4,69.9,167.9,93.9,3.2,Parasitic Infection,1,6.4,2.31,42.5,100.0,,95.7,High
F0254,Aquaculture,Tilapia,Telangana,2,14.8,27.5,7.57,4.02,0.5,65.1,84.7,74.7,85.6,88.7,3.9,No Disease,0,1.5,1.36,140.8,100.0,92.7,76.5,High
F0255,Aquaculture,Rohu,West Bengal,6,9.8,26.9,8.46,3.3,0.13,140.7,145.9,95.6,45.2,59.3,3.0,No Disease,0,3.9,1.22,186.78,100.0,80.7,59.6,Medium
F0256,Aquaculture,Tilapia,West Bengal,2,14.1,28.5,8.33,3.37,0.27,112.4,215.1,84.5,52.2,63.7,2.7,White Spot Disease,1,5.7,1.76,244.68,100.0,85.3,83.6,High
F0257,Aquaculture,Pangasius,Karnataka,1,10.8,25.3,7.45,4.25,0.26,145.2,228.4,87.0,95.9,92.0,3.7,Early Mortality Syndrome,1,8.1,1.97,234.83,100.0,85.0,100.0,High
F0258,Livestock,Poultry,Andhra Pradesh,4,6.4,,,,,45.3,13.1,85.9,48.9,61.8,4.1,No Disease,0,2.4,1.63,14.52,100.0,,45.4,Medium
F0259,Livestock,Buffalo,Telangana,5,8.2,,,,,75.8,59.7,74.4,45.5,68.5,4.1,No Disease,0,0.9,2.25,60.07,100.0,,64.6,Medium
F0260,Aquaculture,Shrimp,West Bengal,3,5.9,28.2,7.37,4.99,0.38,156.1,50.8,95.2,135.3,95.5,3.7,No Disease,0,0.6,1.23,79.28,100.0,94.0,84.2,High
F0261,Aquaculture,Shrimp,Andhra Pradesh,7,7.6,26.1,7.27,3.77,0.18,68.5,239.5,94.5,8.5,69.6,3.0,Bacterial Infection,1,14.4,1.87,381.45,90.1,83.7,62.6,Medium
F0262,Livestock,Sheep,Tamil Nadu,6,22.2,,,,,41.7,9.7,65.4,52.5,94.0,2.4,Foot and Mouth Disease,1,4.1,2.53,16.18,100.0,,100.0,High
F0263,Aquaculture,Tilapia,Karnataka,2,15.0,32.2,8.3,6.9,0.17,97.5,136.1,55.3,124.5,83.4,2.1,No Disease,0,2.1,0.96,235.17,100.0,77.2,99.8,High
F0264,Aquaculture,Pangasius,West Bengal,4,2.3,27.7,8.35,2.84,0.19,175.3,180.3,58.6,155.3,75.7,2.2,No Disease,0,1.6,1.51,299.51,100.0,80.6,100.0,High
F0265,Aquaculture,Catla,Telangana,2,8.9,25.9,6.98,6.44,0.25,131.1,161.5,62.6,92.4,85.8,4.4,White Spot Disease,1,9.1,1.68,267.51,100.0,81.8,100.0,High
F0266,Livestock,Poultry,Tamil Nadu,4,14.5,,,,,38.8,16.8,70.1,127.0,72.6,2.1,No Disease,0,2.2,1.97,22.18,100.0,,61.7,Medium
F0267,Livestock,Poultry,Karnataka,4,14.1,,,,,62.1,53.8,73.6,96.4,70.3,2.9,No Disease,0,2.2,2.05,90.03,100.0,,62.2,Medium
F0268,Livestock,Cattle,Karnataka,4,3.1,,,,,76.9,10.3,79.9,50.9,59.8,2.9,Respiratory Infection,1,8.0,1.74,12.17,99.2,,79.3,High
F0269,Aquaculture,Pangasius,West Bengal,7,21.8,32.6,7.68,3.74,0.18,88.6,202.7,81.9,168.8,84.2,3.4,No Disease,0,4.9,1.51,324.11,100.0,77.6,71.6,High
F0270,Aquaculture,Rohu,Tamil Nadu,3,9.1,29.1,7.65,4.68,0.21,81.4,40.8,83.7,24.0,91.6,4.0,No Disease,1,9.7,1.77,57.57,100.0,93.8,93.9,High
F0271,Livestock,Sheep,West Bengal,2,21.8,,,,,22.9,15.0,76.7,47.0,45.5,3.6,No Disease,0,2.6,2.05,16.46,100.0,,49.0,Medium
F0272,Livestock,Buffalo,Karnataka,1,22.3,,,,,32.9,7.4,74.7,71.0,91.0,2.5,No Disease,0,0.7,1.69,12.04,100.0,,70.3,High
F0273,Livestock,Buffalo,Karnataka,4,13.3,,,,,44.5,41.9,66.8,132.6,47.7,1.9,No Disease,0,0.0,1.97,47.54,100.0,,64.3,Medium
F0274,Livestock,Buffalo,Telangana,4,17.5,,,,,38.4,35.4,97.3,43.5,81.1,3.7,Parasitic Infection,1,6.9,2.29,53.73,100.0,,61.2,Medium
F0275,Aquaculture,Tilapia,Andhra Pradesh,3,13.2,23.7,7.43,5.38,0.32,56.7,35.9,75.8,39.6,65.9,4.2,No Disease,0,3.4,1.31,56.65,100.0,78.4,58.4,Medium
F0276,Livestock,Poultry,Tamil Nadu,6,17.5,,,,,34.3,58.6,96.1,144.0,57.8,2.0,No Disease,0,2.0,2.1,93.26,100.0,,32.5,Low
F0277,Aquaculture,Shrimp,Telangana,1,10.5,28.4,7.63,5.18,0.24,86.1,179.5,87.9,54.7,89.9,2.7,No Disease,0,3.0,1.24,267.05,100.0,96.4,69.5,High
F0278,Livestock,Poultry,Karnataka,1,2.3,,,,,5.2,17.1,77.3,130.0,54.2,3.3,No Disease,0,0.0,1.89,28.23,100.0,,44.0,Medium
F0279,Aquaculture,Shrimp,West Bengal,7,20.8,23.5,8.04,3.97,0.23,82.6,162.9,68.0,162.0,82.0,3.1,Bacterial Infection,1,6.5,1.96,268.04,100.0,78.8,100.0,High
F0280,Livestock,Poultry,Tamil Nadu,5,16.6,,,,,70.0,31.0,67.8,47.7,67.9,4.5,Respiratory Infection,1,15.8,2.08,45.47,90.2,,89.7,High
F0281,Livestock,Poultry,Telangana,7,14.7,,,,,14.7,45.1,82.7,56.8,77.9,2.4,No Disease,0,2.7,1.9,75.71,100.0,,47.3,Medium
F0282,Livestock,Poultry,Telangana,3,3.2,,,,,69.4,11.9,73.8,83.5,86.8,3.4,No Disease,0,1.0,1.65,14.8,100.0,,77.0,High
F0283,Livestock,Buffalo,Andhra Pradesh,2,12.1,,,,,70.9,31.8,78.2,45.9,85.7,3.8,No Disease,0,1.6,1.83,50.17,100.0,,72.1,High
F0284,Aquaculture,Pangasius,Tamil Nadu,4,18.2,29.7,7.72,5.84,0.22,177.3,172.2,90.1,134.9,85.1,2.8,Early Mortality Syndrome,1,6.8,1.85,173.84,100.0,92.2,100.0,High
F0285,Livestock,Poultry,West Bengal,3,16.1,,,,,38.7,28.6,58.3,120.7,88.5,2.5,No Disease,0,1.2,2.13,39.62,100.0,,86.2,High
F0286,Aquaculture,Pangasius,Andhra Pradesh,1,9.4,27.5,8.39,5.8,0.08,52.8,194.0,80.0,33.6,63.1,2.5,Bacterial Infection,1,10.4,1.69,321.19,100.0,90.9,73.2,High
F0287,Aquaculture,Rohu,Tamil Nadu,6,14.9,29.9,8.5,6.76,0.33,134.5,67.4,70.2,22.7,60.6,3.7,No Disease,0,0.3,1.53,73.1,100.0,84.0,83.4,High
F0288,Aquaculture,Pangasius,Telangana,5,6.1,29.8,8.29,5.84,0.32,80.1,167.3,68.5,172.4,56.4,3.4,No Disease,0,1.2,1.33,233.47,100.0,86.9,71.5,High
F0289,Aquaculture,Tilapia,Tamil Nadu,7,23.0,28.0,8.61,3.96,0.36,61.9,177.2,80.5,135.9,68.3,3.1,No Disease,0,0.5,1.26,227.46,100.0,89.9,55.0,Medium
F0290,Livestock,Cattle,Karnataka,1,14.8,,,,,72.2,8.0,83.2,163.3,53.9,4.4,No Disease,0,0.6,1.85,9.7,100.0,,54.8,Medium
F0291,Aquaculture,Tilapia,West Bengal,6,5.1,25.5,7.82,3.82,0.07,142.7,213.2,78.4,15.6,65.2,2.4,Early Mortality Syndrome,1,6.8,1.68,222.53,100.0,88.0,97.3,High
F0292,Aquaculture,Shrimp,Karnataka,3,14.8,28.4,8.27,5.7,0.15,134.4,245.4,97.4,123.6,65.5,4.0,Parasitic Infection,1,9.0,1.94,369.21,100.0,92.8,76.2,High
F0293,Aquaculture,Tilapia,Karnataka,7,6.6,28.3,7.74,4.31,0.4,49.4,81.6,94.2,114.0,86.0,2.6,No Disease,0,4.2,1.19,91.14,100.0,98.1,51.0,Medium
F0294,Livestock,Goat,Karnataka,4,23.0,,,,,35.4,36.6,59.6,3.0,93.2,2.5,No Disease,0,0.8,1.79,53.58,100.0,,87.8,High
F0295,Livestock,Sheep,Telangana,6,11.1,,,,,62.8,38.6,97.5,62.0,48.3,3.8,No Disease,0,0.8,1.8,41.1,100.0,,38.2,Medium
F0296,Livestock,Sheep,Telangana,2,18.0,,,,,36.2,11.7,97.4,147.8,59.9,2.0,No Disease,0,1.5,2.2,18.6,100.0,,31.6,Low
F0297,Livestock,Goat,Karnataka,1,18.2,,,,,32.1,45.7,76.5,23.0,75.9,2.6,No Disease,0,0.4,1.6,74.2,100.0,,56.2,Medium
F0298,Aquaculture,Rohu,Telangana,3,11.9,25.1,8.72,4.47,0.17,143.0,93.6,76.8,29.3,96.3,4.1,No Disease,0,1.2,1.52,94.25,100.0,77.4,100.0,High
F0299,Aquaculture,Tilapia,Andhra Pradesh,3,11.8,28.0,7.75,4.75,0.65,142.5,73.6,90.0,105.9,64.1,2.6,No Disease,0,0.0,1.35,124.65,100.0,93.2,65.6,High
F0300,Livestock,Goat,Andhra Pradesh,7,6.2,,,,,57.6,5.2,94.2,126.4,71.9,3.0,No Disease,0,3.1,2.17,7.45,100.0,,41.7,Medium
F0301,Aquaculture,Tilapia,West Bengal,2,18.1,27.4,8.11,5.25,0.35,128.4,144.9,60.6,67.6,59.3,3.6,No Disease,0,1.2,1.37,192.0,100.0,93.9,91.5,High
F0302,Aquaculture,Tilapia,Tamil Nadu,6,18.6,27.3,7.33,6.53,0.11,140.1,118.9,68.2,173.2,96.5,2.7,No Disease,0,2.0,1.28,121.25,100.0,91.6,100.0,High
F0303,Aquaculture,Tilapia,Andhra Pradesh,1,3.9,26.3,7.43,4.55,0.1,72.8,24.5,92.8,173.8,69.7,2.8,Parasitic Infection,1,8.7,1.85,27.63,100.0,88.8,65.4,High
F0304,Livestock,Buffalo,Telangana,4,6.2,,,,,72.4,38.2,60.8,20.8,89.7,2.2,No Disease,0,1.7,1.86,56.63,100.0,,93.1,High
F0305,Livestock,Sheep,Tamil Nadu,7,7.2,,,,,21.3,33.4,96.6,26.6,94.9,2.3,No Disease,0,1.7,1.99,45.94,100.0,,48.6,Medium
F0306,Aquaculture,Shrimp,Tamil Nadu,4,19.3,23.8,8.33,6.06,0.34,133.4,48.9,87.9,37.8,68.9,4.0,No Disease,0,2.7,1.21,52.18,100.0,76.8,65.4,High
F0307,Livestock,Buffalo,Telangana,4,11.0,,,,,52.0,16.7,89.6,147.2,96.9,3.2,No Disease,0,1.6,1.73,23.09,100.0,,64.9,Medium
F0308,Livestock,Poultry,Andhra Pradesh,2,22.0,,,,,5.0,57.9,94.5,137.6,49.2,3.0,Respiratory Infection,1,4.7,2.52,69.01,100.0,,46.8,Medium
F0309,Livestock,Cattle,West Bengal,4,15.0,,,,,33.9,26.2,56.9,52.0,68.9,2.1,No Disease,0,0.0,1.9,32.78,100.0,,71.6,High
F0310,Livestock,Poultry,West Bengal,2,9.0,,,,,42.0,29.4,76.1,152.4,89.1,2.9,No Disease,0,0.0,2.1,45.74,100.0,,69.7,High
F0311,Livestock,Sheep,West Bengal,2,8.9,,,,,78.4,46.8,59.6,140.1,54.0,3.0,No Disease,0,1.0,1.94,56.58,100.0,,80.0,High
F0312,Aquaculture,Shrimp,Telangana,6,5.4,28.0,7.12,6.15,0.15,50.7,172.7,65.2,88.1,67.3,3.8,No Disease,0,0.4,1.88,285.76,100.0,91.8,67.5,High
F0313,Livestock,Buffalo,Telangana,5,17.9,,,,,37.2,13.0,67.1,48.2,72.5,2.4,Respiratory Infection,1,3.9,2.74,13.32,100.0,,84.2,High
F0314,Aquaculture,Catla,West Bengal,2,5.7,26.6,7.77,5.41,0.65,68.3,45.3,71.5,150.7,92.2,3.5,No Disease,0,4.6,1.62,52.57,100.0,87.8,83.3,High
F0315,Aquaculture,Catla,Karnataka,3,2.2,29.7,7.73,6.37,0.33,105.3,103.2,59.7,157.7,88.7,2.4,No Disease,0,2.8,1.48,151.07,100.0,92.4,100.0,High
F0316,Livestock,Sheep,West Bengal,2,8.3,,,,,56.0,13.8,87.1,179.2,80.3,3.1,Parasitic Infection,1,2.3,2.39,19.27,100.0,,75.1,High
F0317,Aquaculture,Rohu,Telangana,7,1.1,25.9,7.1,3.35,0.39,141.2,136.8,76.5,19.8,71.7,2.6,Early Mortality Syndrome,1,9.0,1.73,146.93,96.5,76.7,100.0,High
F0318,Aquaculture,Shrimp,Telangana,1,19.7,28.3,8.05,3.49,0.27,147.4,233.1,75.8,56.8,88.9,3.7,No Disease,0,1.6,1.36,330.11,100.0,90.7,96.2,High
F0319,Aquaculture,Catla,Telangana,2,18.5,26.8,8.4,5.25,0.07,109.1,20.9,76.5,69.1,96.8,2.4,No Disease,0,4.4,1.26,24.5,100.0,88.0,92.2,High
F0320,Livestock,Cattle,Karnataka,5,17.2,,,,,61.8,37.2,62.2,143.5,83.2,2.0,Foot and Mouth Disease,1,6.3,2.39,51.52,100.0,,100.0,High
F0321,Livestock,Cattle,Telangana,2,24.1,,,,,71.2,29.4,77.3,34.3,69.5,4.2,No Disease,0,2.7,2.31,38.72,100.0,,60.5,Medium
F0322,Aquaculture,Pangasius,Telangana,7,18.2,31.5,8.6,5.34,0.48,152.5,137.0,57.7,69.1,74.1,2.4,Bacterial Infection,1,8.9,1.71,218.61,97.1,74.4,100.0,High
F0323,Livestock,Sheep,Karnataka,2,13.6,,,,,57.4,19.0,83.9,126.4,64.7,1.8,Respiratory Infection,1,7.2,2.15,25.7,100.0,,70.4,High
F0324,Livestock,Sheep,West Bengal,1,2.8,,,,,68.6,53.5,75.8,131.1,61.8,2.7,No Disease,0,1.7,1.86,80.01,100.0,,61.4,Medium
F0325,Livestock,Buffalo,Karnataka,3,16.5,,,,,55.2,20.3,84.4,156.9,57.6,4.4,No Disease,0,3.0,1.88,33.09,100.0,,49.4,Medium
F0326,Livestock,Goat,Telangana,1,12.0,,,,,65.4,49.9,92.3,74.5,82.0,2.5,Mastitis,1,7.7,2.32,65.51,100.0,,73.6,High
F0327,Aquaculture,Pangasius,West Bengal,5,20.9,25.5,7.47,7.37,0.37,76.0,204.2,82.2,90.6,57.6,4.3,No Disease,0,4.4,1.62,290.09,100.0,86.0,56.8,Medium
F0328,Aquaculture,Tilapia,Telangana,4,7.7,28.6,8.25,4.73,0.25,74.5,125.7,82.0,100.3,86.9,2.7,No Disease,0,4.3,1.36,195.43,100.0,92.2,70.1,High
F0329,Livestock,Goat,West Bengal,5,23.6,,,,,29.7,27.6,91.8,123.2,91.8,2.3,No Disease,0,1.2,2.19,33.68,100.0,,53.1,Medium
F0330,Livestock,Buffalo,Telangana,6,15.1,,,,,20.6,13.9,63.1,22.6,61.5,4.2,No Disease,0,2.1,1.92,15.24,100.0,,62.0,Medium
F0331,Aquaculture,Shrimp,Tamil Nadu,4,1.8,26.1,8.24,6.79,0.36,171.8,222.8,77.2,139.4,79.2,3.4,White Spot Disease,1,2.2,1.84,226.55,100.0,87.1,100.0,High
F0332,Aquaculture,Pangasius,Karnataka,4,22.2,29.2,7.82,4.46,0.25,117.2,213.5,97.9,77.5,68.8,4.3,No Disease,0,1.3,1.43,272.82,100.0,95.0,51.4,Medium
F0333,Livestock,Goat,Telangana,4,13.4,,,,,25.1,49.1,57.4,96.9,48.7,4.3,No Disease,0,1.7,2.02,73.64,100.0,,68.9,High
F0334,Aquaculture,Catla,Karnataka,5,4.1,28.6,7.3,7.54,0.21,41.4,64.8,76.1,171.1,71.5,3.1,No Disease,0,0.9,1.15,76.09,100.0,91.6,55.5,Medium
F0335,Livestock,Cattle,Tamil Nadu,2,23.2,,,,,15.9,32.4,96.4,109.4,97.1,4.1,Parasitic Infection,1,8.0,2.02,38.74,100.0,,69.3,High
F0336,Livestock,Cattle,West Bengal,5,25.0,,,,,68.4,48.3,76.9,41.9,89.8,3.8,No Disease,0,0.8,1.84,75.1,100.0,,76.0,High
F0337,Aquaculture,Catla,Andhra Pradesh,5,9.1,27.2,7.89,6.15,0.2,72.6,46.6,69.0,39.7,94.8,4.2,No Disease,0,3.3,1.71,82.78,100.0,95.7,89.0,High
F0338,Aquaculture,Shrimp,West Bengal,4,9.5,28.3,7.38,4.03,0.25,101.9,96.8,77.4,105.4,55.4,3.9,No Disease,0,0.5,1.35,141.48,100.0,93.8,68.1,High
F0339,Livestock,Sheep,Tamil Nadu,1,22.9,,,,,13.8,40.0,69.7,134.6,74.1,3.0,No Disease,0,2.2,1.95,54.09,100.0,,57.0,Medium
F0340,Livestock,Sheep,Karnataka,4,19.5,,,,,42.6,27.4,69.6,129.4,60.2,2.5,Parasitic Infection,1,5.4,3.05,34.89,100.0,,81.1,High
F0341,Aquaculture,Rohu,Telangana,6,16.9,30.5,9.02,3.49,0.49,153.0,140.4,60.0,23.2,78.1,4.3,No Disease,1,6.5,1.95,144.48,98.4,68.0,100.0,High
F0342,Livestock,Cattle,Tamil Nadu,4,4.3,,,,,32.8,31.1,86.2,20.4,66.5,3.1,No Disease,0,2.1,2.24,43.2,100.0,,42.0,Medium
F0343,Aquaculture,Shrimp,Telangana,7,5.8,27.8,7.42,3.76,0.36,97.0,175.9,64.7,108.4,85.0,2.2,No Disease,0,0.7,1.56,301.46,100.0,92.2,91.6,High
F0344,Livestock,Buffalo,West Bengal,4,9.0,,,,,29.0,12.3,65.3,75.2,58.3,2.7,No Disease,0,0.0,1.81,18.73,100.0,,62.0,Medium
F0345,Aquaculture,Catla,Karnataka,2,20.0,30.7,7.53,3.86,0.37,117.7,141.3,83.2,42.0,92.2,2.8,No Disease,0,0.0,1.22,202.74,100.0,84.6,84.0,High
F0346,Aquaculture,Catla,West Bengal,3,16.9,30.6,8.1,6.82,0.31,132.7,101.8,89.8,53.0,79.6,3.9,No Disease,0,4.0,1.42,177.53,100.0,86.0,71.1,High
F0347,Aquaculture,Pangasius,Telangana,6,9.1,27.5,7.64,6.06,0.34,160.0,115.5,58.8,78.8,64.9,2.7,No Disease,0,1.6,1.67,170.58,100.0,96.1,100.0,High
F0348,Livestock,Poultry,Andhra Pradesh,4,16.3,,,,,46.2,51.8,75.4,0.7,45.6,2.9,No Disease,0,0.4,1.95,79.51,100.0,,56.1,Medium
F0349,Livestock,Poultry,Tamil Nadu,1,5.3,,,,,60.3,53.2,73.7,134.6,98.0,3.8,Respiratory Infection,1,2.9,2.53,89.06,100.0,,100.0,High
F0350,Aquaculture,Tilapia,Telangana,5,11.9,26.1,7.55,4.69,0.16,151.0,228.3,96.9,41.8,92.9,2.8,No Disease,1,5.3,1.88,306.8,100.0,89.4,99.2,High
F0351,Livestock,Buffalo,Telangana,6,4.0,,,,,49.1,10.0,73.3,99.4,76.7,2.5,No Disease,0,1.7,2.27,12.87,100.0,,64.3,Medium
F0352,Aquaculture,Pangasius,West Bengal,6,2.2,27.1,6.82,4.57,0.21,113.8,33.1,59.8,39.5,75.0,3.1,No Disease,0,0.0,1.3,41.48,100.0,84.6,92.6,High
F0353,Aquaculture,Shrimp,Telangana,5,10.3,30.6,8.08,4.52,0.25,115.0,235.2,80.7,145.7,89.4,4.3,No Disease,0,0.4,1.46,416.25,100.0,86.2,83.6,High
F0354,Livestock,Sheep,Karnataka,2,11.4,,,,,73.9,54.4,61.7,66.0,77.8,2.2,No Disease,0,0.2,1.46,77.21,100.0,,83.0,High
F0355,Livestock,Cattle,Karnataka,7,18.2,,,,,56.7,36.9,59.6,91.5,84.0,4.5,No Disease,0,1.7,2.06,42.94,100.0,,85.8,High
F0356,Aquaculture,Shrimp,Karnataka,3,21.5,28.8,7.17,5.2,0.35,51.6,162.6,69.6,154.1,73.7,2.5,No Disease,0,3.3,1.31,189.38,100.0,89.2,66.3,High
F0357,Livestock,Goat,Telangana,2,11.1,,,,,75.2,8.2,91.2,86.9,79.9,3.2,No Disease,0,0.5,1.99,8.86,100.0,,55.5,Medium
F0358,Livestock,Poultry,Tamil Nadu,5,8.0,,,,,20.0,4.2,82.7,47.3,47.8,2.4,No Disease,0,1.8,1.98,4.79,100.0,,42.3,Medium
F0359,Aquaculture,Rohu,Telangana,5,13.3,29.9,8.38,4.27,0.26,153.7,219.2,62.4,153.1,92.7,3.4,No Disease,0,3.5,1.28,370.34,100.0,85.4,100.0,High
F0360,Aquaculture,Tilapia,Telangana,1,12.4,23.1,7.67,5.19,0.6,83.4,206.8,92.3,121.1,57.0,3.4,No Disease,0,2.6,1.4,210.13,100.0,73.8,48.6,Medium
F0361,Livestock,Sheep,Andhra Pradesh,5,16.9,,,,,5.5,49.5,70.5,97.3,80.9,3.7,No Disease,0,1.6,2.11,59.83,100.0,,59.6,Medium
F0362,Aquaculture,Catla,West Bengal,7,2.0,28.3,7.42,6.18,0.31,81.0,58.5,71.3,63.6,60.7,3.7,No Disease,0,0.0,1.24,80.62,100.0,94.2,69.0,High
F0363,Aquaculture,Pangasius,West Bengal,7,6.8,27.4,7.73,5.34,0.37,133.4,229.7,69.9,111.9,56.7,2.5,No Disease,0,0.1,1.18,327.75,100.0,96.8,83.4,High
F0364,Livestock,Sheep,Telangana,7,21.6,,,,,23.7,2.9,62.2,109.2,82.6,1.9,No Disease,0,1.3,2.09,4.4,100.0,,73.8,High
F0365,Aquaculture,Pangasius,Andhra Pradesh,3,16.5,27.6,9.05,4.14,0.21,133.3,85.4,80.2,105.6,74.2,4.1,Bacterial Infection,1,19.2,1.88,138.96,79.1,83.4,96.5,High
F0366,Aquaculture,Tilapia,West Bengal,7,15.4,27.6,8.12,5.14,0.11,163.0,141.3,95.0,87.1,76.1,2.3,No Disease,0,2.0,1.57,217.84,100.0,94.6,70.6,High
F0367,Livestock,Goat,Karnataka,7,12.0,,,,,34.1,16.1,94.8,93.9,45.7,1.9,No Disease,1,7.1,2.71,16.2,100.0,,53.7,Medium
F0368,Livestock,Buffalo,West Bengal,2,16.7,,,,,53.6,3.1,83.1,111.3,61.4,2.0,No Disease,0,1.2,1.78,4.39,100.0,,50.3,Medium
F0369,Aquaculture,Shrimp,West Bengal,4,3.7,26.5,7.31,7.3,0.23,113.9,243.0,86.1,38.2,59.5,3.7,No Disease,0,0.3,1.23,245.1,100.0,88.1,62.4,Medium
F0370,Aquaculture,Pangasius,Andhra Pradesh,5,16.0,28.2,7.28,4.97,0.43,107.5,36.2,67.0,58.4,95.6,2.7,No Disease,0,1.9,1.22,57.59,100.0,92.2,100.0,High
F0371,Livestock,Cattle,Andhra Pradesh,4,24.1,,,,,14.5,56.9,60.7,139.4,59.0,4.3,No Disease,0,3.6,1.75,87.57,100.0,,62.9,Medium
F0372,Livestock,Buffalo,Tamil Nadu,6,19.1,,,,,25.3,49.7,77.3,83.1,61.7,3.4,No Disease,0,2.6,2.25,51.51,100.0,,49.0,Medium
F0373,Livestock,Buffalo,Karnataka,5,19.7,,,,,23.1,30.0,93.1,68.1,84.7,2.1,No Disease,0,1.5,1.63,34.91,100.0,,44.4,Medium
F0374,Livestock,Poultry,Karnataka,1,6.4,,,,,41.4,29.7,75.3,31.6,52.7,2.5,Parasitic Infection,1,8.6,2.6,48.13,100.0,,75.1,High
F0375,Aquaculture,Tilapia,West Bengal,1,3.4,30.0,8.48,4.96,0.33,108.7,120.9,87.7,75.7,95.6,4.3,No Disease,0,2.6,1.54,130.91,100.0,83.8,80.0,High
F0376,Livestock,Goat,Andhra Pradesh,5,19.4,,,,,46.1,58.5,73.9,97.3,96.3,2.5,No Disease,0,0.0,2.21,81.5,100.0,,78.7,High
F0377,Livestock,Buffalo,Tamil Nadu,7,21.7,,,,,45.8,21.6,75.4,110.4,91.0,3.6,No Disease,0,0.0,2.07,22.31,100.0,,72.9,High
F0378,Aquaculture,Tilapia,West Bengal,7,2.2,26.7,7.33,6.43,0.22,170.1,164.5,72.0,45.7,97.2,4.5,No Disease,0,3.5,1.35,218.3,100.0,89.2,100.0,High
F0379,Livestock,Sheep,Andhra Pradesh,2,3.5,,,,,41.4,22.6,68.8,173.5,79.0,1.9,No Disease,0,1.7,1.92,32.19,100.0,,68.8,High
F0380,Aquaculture,Catla,Andhra Pradesh,4,8.0,24.9,8.06,8.29,0.29,79.7,238.1,91.2,130.0,58.4,2.3,No Disease,0,0.0,1.41,359.89,100.0,84.5,48.7,Medium
F0381,Livestock,Poultry,West Bengal,6,15.6,,,,,71.6,4.4,94.3,149.9,60.8,3.9,No Disease,0,0.5,1.65,4.6,100.0,,43.6,Medium
F0382,Livestock,Buffalo,Andhra Pradesh,3,23.6,,,,,38.2,57.0,65.6,95.8,70.6,3.7,No Disease,0,0.7,2.15,79.88,100.0,,64.4,Medium
F0383,Livestock,Poultry,Tamil Nadu,1,15.9,,,,,11.1,59.6,88.7,166.0,55.3,4.4,No Disease,0,0.6,1.53,64.95,100.0,,34.1,Low
F0384,Aquaculture,Pangasius,West Bengal,2,12.5,28.7,7.87,4.92,0.24,109.5,145.2,62.2,136.9,97.4,4.4,No Disease,1,8.2,2.13,208.0,100.0,96.4,100.0,High
F0385,Aquaculture,Pangasius,Telangana,2,15.9,34.8,7.68,6.3,0.55,53.9,159.0,60.2,14.2,77.7,3.0,No Disease,0,0.1,1.4,284.56,100.0,67.6,79.4,High
F0386,Livestock,Cattle,Tamil Nadu,1,8.2,,,,,72.1,3.4,70.0,129.9,49.2,2.3,No Disease,0,1.2,2.06,3.44,100.0,,68.0,High
F0387,Aquaculture,Shrimp,Karnataka,3,5.4,29.7,8.69,3.48,0.13,70.4,174.0,96.7,31.6,80.7,3.1,No Disease,0,1.9,1.69,249.64,100.0,77.3,49.5,Medium
F0388,Aquaculture,Catla,Tamil Nadu,4,21.2,28.7,7.35,3.87,0.22,131.4,54.2,78.8,94.9,86.6,2.1,No Disease,0,1.1,1.35,72.92,100.0,90.5,87.3,High
F0389,Aquaculture,Rohu,Andhra Pradesh,2,7.4,26.4,7.45,4.55,0.2,129.5,37.3,60.8,116.1,69.6,3.8,No Disease,0,0.8,1.51,53.31,100.0,89.4,91.6,High
F0390,Aquaculture,Rohu,Andhra Pradesh,6,17.8,24.3,8.64,4.46,0.16,107.1,104.5,94.3,66.3,71.1,3.0,No Disease,0,0.0,1.64,172.88,100.0,75.1,53.4,Medium
F0391,Aquaculture,Catla,Karnataka,2,6.1,27.6,8.33,4.31,0.2,101.5,134.2,72.4,122.2,73.1,4.4,No Disease,0,1.6,1.29,170.36,100.0,92.0,75.5,High
F0392,Aquaculture,Pangasius,Karnataka,1,19.9,29.6,7.25,6.45,0.27,57.5,49.9,78.9,170.3,72.8,2.8,No Disease,0,3.8,1.52,61.29,100.0,87.0,57.7,Medium
F0393,Livestock,Goat,West Bengal,3,21.1,,,,,29.3,43.8,83.3,172.6,94.3,3.9,No Disease,0,1.3,2.29,52.15,100.0,,63.5,Medium
F0394,Livestock,Goat,West Bengal,6,12.0,,,,,39.2,30.6,56.6,35.2,88.8,4.0,No Disease,1,5.2,2.81,46.63,100.0,,100.0,High
F0395,Aquaculture,Shrimp,Andhra Pradesh,7,13.0,29.8,7.54,5.46,0.27,97.2,172.3,75.0,113.5,74.3,2.5,No Disease,0,2.9,1.59,263.8,100.0,89.7,72.7,High
F0396,Livestock,Sheep,Tamil Nadu,3,17.9,,,,,30.7,50.3,66.8,132.0,50.0,4.4,No Disease,0,0.1,1.89,83.13,100.0,,60.9,Medium
F0397,Livestock,Goat,Telangana,1,3.8,,,,,34.6,2.1,60.2,96.2,80.8,2.9,No Disease,0,1.9,1.9,3.17,100.0,,77.1,High
F0398,Livestock,Goat,Andhra Pradesh,7,15.5,,,,,65.8,23.7,64.9,132.3,61.1,2.3,No Disease,1,7.2,2.51,36.5,99.1,,91.6,High
F0399,Livestock,Poultry,Tamil Nadu,1,13.3,,,,,18.4,54.3,72.1,44.2,68.8,2.7,No Disease,0,1.7,2.27,60.28,100.0,,52.5,Medium
F0400,Aquaculture,Tilapia,West Bengal,1,11.5,25.5,7.62,4.27,0.22,120.8,29.4,77.7,159.5,91.0,4.2,No Disease,0,2.2,1.26,50.43,100.0,87.8,89.3,High
F0401,Livestock,Poultry,Karnataka,5,17.1,,,,,17.4,42.0,77.1,36.0,61.9,3.4,No Disease,0,2.1,2.18,64.15,100.0,,47.2,Medium
F0402,Livestock,Poultry,West Bengal,7,22.2,,,,,16.7,51.3,86.2,151.5,60.8,2.7,Parasitic Infection,1,5.6,2.74,78.77,100.0,,58.0,Medium
F0403,Aquaculture,Rohu,Andhra Pradesh,5,2.7,28.0,7.97,5.24,0.38,80.8,81.4,95.0,31.0,79.9,3.4,No Disease,0,0.8,1.35,121.83,100.0,98.0,53.1,Medium
F0404,Aquaculture,Shrimp,West Bengal,6,11.5,25.5,7.91,6.4,0.23,165.7,80.9,85.6,18.0,56.4,3.4,No Disease,0,1.5,1.45,86.85,100.0,88.7,75.8,High
F0405,Livestock,Buffalo,Tamil Nadu,1,23.4,,,,,10.4,57.3,64.6,166.0,67.6,4.5,No Disease,0,1.9,2.06,62.9,100.0,,58.0,Medium
F0406,Livestock,Goat,Telangana,7,8.2,,,,,65.5,12.4,96.3,69.3,63.1,4.2,No Disease,0,0.3,2.07,18.25,100.0,,40.1,Medium
F0407,Livestock,Buffalo,West Bengal,2,22.4,,,,,50.0,11.9,86.9,54.5,80.1,2.2,No Disease,0,2.3,1.79,14.08,100.0,,53.7,Medium
F0408,Livestock,Sheep,West Bengal,6,7.0,,,,,6.1,6.7,79.8,168.5,90.9,4.5,No Disease,0,1.9,2.25,8.29,100.0,,58.4,Medium
F0409,Livestock,Poultry,West Bengal,5,17.3,,,,,30.1,3.5,69.7,144.6,92.6,3.2,No Disease,0,1.5,2.17,4.34,100.0,,75.9,High
F0410,Livestock,Goat,Karnataka,4,21.5,,,,,46.2,14.7,73.4,117.4,83.5,1.8,Foot and Mouth Disease,1,4.3,2.36,15.8,100.0,,89.0,High
F0411,Aquaculture,Catla,West Bengal,3,21.6,26.8,8.1,7.0,0.12,107.4,125.7,70.6,105.6,81.8,3.6,Bacterial Infection,1,10.2,1.91,197.63,100.0,91.6,100.0,High
F0412,Livestock,Goat,Tamil Nadu,2,18.5,,,,,18.8,27.3,71.9,72.9,51.7,4.0,No Disease,0,1.4,2.31,35.16,100.0,,52.8,Medium
F0413,Livestock,Goat,Telangana,2,10.9,,,,,39.9,49.6,81.4,149.8,71.2,2.1,No Disease,0,0.8,2.24,66.81,100.0,,49.5,Medium
F0414,Aquaculture,Pangasius,Tamil Nadu,1,13.9,30.0,7.97,3.58,0.17,42.0,152.2,72.3,67.4,62.9,3.1,No Disease,0,4.1,1.54,243.42,100.0,85.8,58.2,Medium
F0415,Aquaculture,Pangasius,Andhra Pradesh,3,20.2,25.1,8.59,4.8,0.27,47.6,125.2,78.6,159.8,59.5,4.1,No Disease,0,0.7,1.15,140.27,100.0,78.9,53.3,Medium
F0416,Aquaculture,Catla,Andhra Pradesh,7,1.1,27.6,8.73,3.72,0.09,97.1,94.6,88.6,136.6,75.6,2.1,No Disease,0,2.9,1.64,150.03,100.0,84.4,60.2,Medium
F0417,Aquaculture,Shrimp,West Bengal,7,15.3,26.1,7.98,4.98,0.15,130.7,183.8,62.7,14.3,95.4,2.7,No Disease,0,1.1,1.54,304.64,100.0,90.2,100.0,High
F0418,Livestock,Cattle,Telangana,7,16.9,,,,,14.1,31.6,80.2,64.7,70.2,2.8,No Disease,0,0.5,1.92,45.42,100.0,,43.5,Medium
F0419,Livestock,Buffalo,Karnataka,5,4.1,,,,,76.3,5.7,80.9,10.3,92.4,3.2,No Disease,0,1.1,2.19,6.21,100.0,,76.1,High
F0420,Livestock,Poultry,West Bengal,7,20.3,,,,,56.6,37.0,95.2,42.1,49.5,2.5,No Disease,1,3.3,2.01,37.48,100.0,,59.0,Medium
F0421,Livestock,Poultry,Telangana,2,3.8,,,,,20.8,41.9,64.4,79.0,86.4,3.9,No Disease,0,0.3,2.17,49.94,100.0,,73.9,High
F0422,Livestock,Buffalo,Telangana,7,2.0,,,,,52.1,17.1,67.6,127.0,84.0,2.6,No Disease,0,0.9,1.96,26.93,100.0,,76.6,High
F0423,Livestock,Cattle,Telangana,5,11.9,,,,,55.5,50.9,72.1,94.0,66.3,2.6,Parasitic Infection,1,4.5,2.26,62.89,100.0,,81.8,High
F0424,Aquaculture,Rohu,Andhra Pradesh,1,7.4,31.0,7.63,5.34,0.11,152.9,101.3,82.6,44.2,59.7,4.0,Early Mortality Syndrome,1,8.2,1.97,180.16,100.0,86.0,95.6,High
F0425,Livestock,Buffalo,Karnataka,1,9.6,,,,,71.6,7.9,87.0,145.0,59.4,3.1,No Disease,0,2.0,2.06,11.51,100.0,,50.9,Medium
F0426,Aquaculture,Catla,Andhra Pradesh,6,14.3,24.5,8.37,3.21,0.12,171.3,55.2,55.4,42.9,90.3,2.5,White Spot Disease,1,8.4,1.83,69.83,91.3,71.3,100.0,High
F0427,Aquaculture,Catla,Tamil Nadu,5,22.9,23.5,8.39,3.22,0.23,59.9,69.2,59.5,123.0,83.4,4.4,No Disease,0,5.1,1.2,123.24,100.0,67.1,86.2,High
F0428,Livestock,Buffalo,Telangana,2,19.5,,,,,19.3,27.6,80.1,146.9,97.4,2.8,No Disease,1,2.7,2.56,37.16,100.0,,86.6,High
F0429,Aquaculture,Tilapia,West Bengal,6,10.0,25.6,8.66,6.17,0.15,73.9,59.5,77.8,52.2,82.0,2.3,No Disease,0,3.1,1.32,88.47,100.0,80.1,70.3,High
F0430,Livestock,Poultry,Tamil Nadu,3,8.7,,,,,28.3,37.7,84.7,72.7,91.4,2.9,No Disease,0,3.3,2.11,40.72,100.0,,59.5,Medium
F0431,Aquaculture,Shrimp,Tamil Nadu,6,11.5,29.9,7.23,5.29,0.24,54.8,182.5,76.5,156.6,60.4,3.7,No Disease,0,4.7,1.44,319.41,100.0,85.6,57.2,Medium
F0432,Livestock,Goat,Andhra Pradesh,5,9.0,,,,,51.5,39.8,63.6,43.3,79.9,4.3,Mastitis,1,4.5,2.16,67.41,100.0,,97.2,High
F0433,Aquaculture,Catla,West Bengal,2,7.1,30.3,7.64,3.57,0.14,69.0,106.9,68.6,121.9,67.5,3.4,White Spot Disease,1,13.0,1.77,139.16,89.4,84.6,88.6,High
F0434,Livestock,Cattle,Telangana,5,21.9,,,,,9.4,19.7,61.8,31.3,85.3,1.8,No Disease,0,0.0,2.15,23.77,100.0,,72.8,High
F0435,Livestock,Buffalo,West Bengal,3,22.8,,,,,12.3,54.1,70.0,99.2,64.1,2.1,No Disease,0,2.9,1.94,76.46,100.0,,53.1,Medium
F0436,Livestock,Sheep,Karnataka,4,18.2,,,,,8.7,2.3,69.1,118.9,83.7,3.0,No Disease,0,1.4,1.88,3.57,100.0,,64.0,Medium
F0437,Livestock,Buffalo,Karnataka,3,1.3,,,,,51.7,25.9,92.0,45.3,97.0,3.5,No Disease,0,2.1,1.83,26.3,100.0,,62.5,Medium
F0438,Livestock,Sheep,Andhra Pradesh,2,9.1,,,,,32.4,37.5,84.9,61.6,50.7,2.0,No Disease,0,0.0,2.08,47.95,100.0,,43.2,Medium
F0439,Aquaculture,Shrimp,Telangana,1,13.3,29.3,8.08,5.89,0.3,102.6,120.5,88.7,16.8,77.4,4.1,No Disease,0,0.5,1.57,122.46,100.0,91.4,62.9,Medium
F0440,Aquaculture,Pangasius,Andhra Pradesh,6,18.1,26.7,7.29,5.48,0.06,106.7,82.3,56.3,108.9,72.0,2.7,No Disease,0,2.0,1.66,90.92,100.0,88.7,92.0,High
F0441,Aquaculture,Pangasius,Tamil Nadu,7,1.3,27.7,7.86,6.86,0.22,126.7,204.7,73.6,141.4,74.9,4.4,No Disease,0,2.9,1.54,295.5,100.0,98.1,82.0,High
F0442,Livestock,Cattle,West Bengal,5,2.2,,,,,61.5,49.0,56.4,84.2,79.3,4.0,No Disease,0,0.9,1.75,58.67,100.0,,86.4,High
F0443,Aquaculture,Shrimp,Tamil Nadu,2,8.8,31.6,8.25,5.45,0.26,160.8,123.2,57.7,85.7,84.6,3.5,No Disease,0,0.4,1.28,172.5,100.0,80.2,100.0,High
F0444,Livestock,Goat,West Bengal,5,8.6,,,,,10.0,50.1,79.2,120.7,82.3,2.6,No Disease,0,0.0,2.25,59.76,100.0,,53.1,Medium
F0445,Livestock,Poultry,Andhra Pradesh,3,10.1,,,,,68.5,22.7,90.8,153.1,67.5,2.0,No Disease,0,1.2,2.18,25.34,100.0,,46.3,Medium
F0446,Aquaculture,Catla,Tamil Nadu,4,10.9,25.9,7.43,4.49,0.21,178.0,91.0,60.6,35.8,80.3,2.2,No Disease,0,1.5,1.16,92.61,100.0,87.2,100.0,High
F0447,Aquaculture,Rohu,Andhra Pradesh,2,10.2,29.5,7.23,3.96,0.21,136.5,150.0,91.9,21.1,88.8,3.7,Parasitic Infection,1,12.9,1.78,166.99,92.4,86.8,97.3,High
F0448,Livestock,Cattle,Karnataka,2,2.3,,,,,20.3,45.1,84.5,136.6,73.2,3.5,Foot and Mouth Disease,1,7.8,2.48,48.12,100.0,,63.1,Medium
F0449,Aquaculture,Catla,Telangana,4,3.1,28.3,7.75,4.7,0.29,131.0,170.3,96.1,0.5,65.7,4.3,No Disease,0,1.6,1.48,240.31,100.0,98.2,56.7,Medium
F0450,Livestock,Poultry,Telangana,6,4.7,,,,,15.1,29.2,95.4,33.4,96.8,4.5,No Disease,0,0.8,1.56,35.52,100.0,,49.8,Medium
F0451,Livestock,Goat,West Bengal,5,11.9,,,,,64.0,8.7,70.5,174.3,93.9,4.2,No Disease,0,1.0,1.35,10.3,100.0,,84.6,High
F0452,Livestock,Poultry,Telangana,7,5.2,,,,,54.6,8.3,76.0,125.6,73.1,2.9,No Disease,0,0.1,1.58,11.65,100.0,,60.1,Medium
F0453,Livestock,Sheep,West Bengal,5,9.6,,,,,76.7,44.6,83.5,147.1,51.8,4.1,No Disease,0,1.9,2.1,48.21,100.0,,55.7,Medium
F0454,Livestock,Cattle,West Bengal,2,12.7,,,,,36.0,25.5,84.2,12.1,76.5,3.9,No Disease,1,8.9,2.53,34.16,100.0,,70.0,High
F0455,Aquaculture,Pangasius,Andhra Pradesh,1,12.3,23.7,7.6,3.63,0.11,80.2,81.8,92.0,12.6,84.1,2.4,No Disease,0,3.3,1.31,139.72,100.0,76.7,59.3,Medium
F0456,Aquaculture,Tilapia,Telangana,4,12.7,28.2,8.6,6.11,0.32,41.3,112.7,94.0,133.3,78.3,3.3,No Disease,0,0.6,1.78,177.09,100.0,89.6,43.0,Medium
F0457,Livestock,Goat,Karnataka,4,15.5,,,,,23.7,39.1,92.7,75.3,93.3,4.5,Foot and Mouth Disease,1,6.5,2.12,62.32,100.0,,71.9,High
F0458,Livestock,Poultry,Tamil Nadu,7,9.6,,,,,30.9,17.1,73.5,84.1,57.7,4.2,No Disease,0,2.1,2.02,23.14,100.0,,54.2,Medium
F0459,Aquaculture,Pangasius,Karnataka,7,10.5,31.2,6.68,5.0,1.29,82.8,233.3,80.3,73.4,83.0,3.9,No Disease,0,1.8,1.27,322.7,100.0,51.5,80.8,High
F0460,Aquaculture,Tilapia,Telangana,3,18.0,27.6,8.3,4.73,0.24,109.7,147.5,79.0,127.3,62.6,2.6,No Disease,0,2.0,1.25,172.77,100.0,92.4,68.4,High
F0461,Livestock,Sheep,Andhra Pradesh,4,1.6,,,,,34.9,54.5,98.0,177.7,91.7,2.9,No Disease,0,0.2,2.26,77.63,100.0,,48.1,Medium
F0462,Aquaculture,Shrimp,West Bengal,2,13.1,34.1,8.02,5.29,0.32,106.0,151.9,94.9,149.1,68.9,2.6,No Disease,0,2.0,1.75,160.14,100.0,73.0,51.6,Medium
F0463,Livestock,Buffalo,Karnataka,4,18.4,,,,,54.8,26.7,93.2,152.1,72.8,3.7,No Disease,0,0.7,2.18,33.96,100.0,,42.7,Medium
F0464,Aquaculture,Shrimp,Telangana,5,13.4,25.2,8.12,4.31,0.69,61.4,205.5,76.9,175.9,67.1,3.2,No Disease,0,0.0,1.34,231.86,100.0,77.7,58.4,Medium
F0465,Livestock,Cattle,Andhra Pradesh,6,12.8,,,,,16.2,8.0,60.3,18.2,77.3,2.3,No Disease,1,5.3,2.59,9.83,100.0,,89.6,High
F0466,Aquaculture,Pangasius,West Bengal,1,7.7,26.5,8.18,5.74,0.11,49.8,26.0,66.2,96.9,94.0,4.1,No Disease,0,4.8,1.51,33.05,100.0,89.4,85.4,High
F0467,Livestock,Sheep,Telangana,4,8.8,,,,,31.3,49.1,68.7,29.4,68.1,3.0,Mastitis,1,5.5,2.25,82.25,100.0,,79.1,High
F0468,Aquaculture,Tilapia,Tamil Nadu,6,9.3,18.8,7.84,5.67,0.18,109.0,98.0,61.3,99.4,87.4,2.7,No Disease,0,2.7,1.28,145.46,100.0,62.7,99.9,High
F0469,Aquaculture,Shrimp,West Bengal,3,10.9,26.7,7.67,4.42,0.46,104.3,74.5,82.0,54.3,96.6,3.8,Bacterial Infection,1,13.1,1.39,124.68,92.5,91.7,100.0,High
F0470,Livestock,Goat,Karnataka,2,5.4,,,,,5.6,47.2,83.7,55.6,60.5,4.0,No Disease,0,1.3,2.01,49.93,100.0,,37.7,Medium
F0471,Aquaculture,Tilapia,Tamil Nadu,6,21.0,26.1,8.77,4.72,0.25,136.6,130.8,60.3,38.6,57.8,3.4,No Disease,0,2.4,1.5,195.22,100.0,80.8,93.8,High
F0472,Livestock,Goat,Andhra Pradesh,1,22.9,,,,,38.9,42.1,82.4,128.9,56.9,2.1,No Disease,0,1.9,1.89,69.6,100.0,,47.3,Medium
F0473,Aquaculture,Catla,Andhra Pradesh,2,22.9,30.8,8.27,4.13,0.46,54.0,82.7,90.8,176.5,76.2,2.0,No Disease,0,0.9,1.48,145.11,100.0,81.7,47.7,Medium
F0474,Livestock,Goat,Andhra Pradesh,7,21.1,,,,,6.5,23.1,77.9,156.9,81.4,2.1,No Disease,0,3.0,2.16,24.89,100.0,,52.8,Medium
F0475,Aquaculture,Shrimp,Andhra Pradesh,2,19.1,27.2,7.96,6.82,0.61,63.0,48.4,97.1,70.9,64.8,2.4,No Disease,0,1.0,1.49,83.0,100.0,89.6,38.7,Medium
F0476,Livestock,Sheep,Telangana,7,19.6,,,,,34.3,52.1,95.0,54.6,90.8,3.9,No Disease,0,0.0,2.14,82.15,100.0,,50.2,Medium
F0477,Aquaculture,Pangasius,Andhra Pradesh,4,15.3,30.8,7.12,5.53,0.45,159.4,80.9,77.3,81.1,55.5,3.4,No Disease,0,2.7,1.74,85.22,100.0,79.4,82.6,High
F0478,Livestock,Cattle,Karnataka,4,17.8,,,,,34.5,17.4,62.2,124.9,79.2,3.7,No Disease,0,1.3,2.38,24.85,100.0,,73.8,High
F0479,Aquaculture,Rohu,Telangana,6,9.2,24.2,8.07,4.6,0.14,106.7,88.1,77.1,29.8,97.0,2.3,No Disease,0,4.7,1.49,118.83,100.0,81.6,91.2,High
F0480,Livestock,Cattle,Tamil Nadu,7,17.4,,,,,35.2,11.4,60.1,136.9,94.2,3.0,No Disease,0,1.6,1.94,16.32,100.0,,88.1,High
F0481,Livestock,Goat,Andhra Pradesh,5,11.9,,,,,70.4,30.1,68.1,93.2,65.2,3.3,No Disease,0,2.8,1.76,37.77,100.0,,69.5,High
F0482,Livestock,Poultry,West Bengal,6,11.4,,,,,34.4,35.5,85.2,114.1,97.2,2.2,No Disease,0,3.3,1.77,47.67,100.0,,65.2,High
F0483,Aquaculture,Tilapia,Telangana,6,13.1,31.3,7.84,4.64,0.26,84.1,152.4,95.9,154.6,64.8,2.6,No Disease,0,2.6,1.54,200.28,100.0,86.3,45.1,Medium
F0484,Livestock,Goat,West Bengal,2,18.9,,,,,14.9,53.4,87.3,76.1,72.4,2.8,No Disease,0,0.6,2.17,66.03,100.0,,38.3,Medium
F0485,Aquaculture,Tilapia,Tamil Nadu,7,18.2,29.9,8.5,5.55,0.31,45.8,107.1,56.5,18.4,80.9,4.2,Bacterial Infection,1,17.0,1.82,151.88,83.9,84.0,100.0,High
F0486,Livestock,Buffalo,Tamil Nadu,7,21.7,,,,,74.8,48.4,73.6,88.8,59.1,3.7,Mastitis,1,9.6,2.96,62.02,99.0,,85.1,High
F0487,Aquaculture,Tilapia,West Bengal,3,15.8,24.6,6.84,5.52,0.34,121.9,178.5,95.4,45.0,78.0,3.7,No Disease,0,4.0,1.52,246.34,100.0,74.9,61.5,Medium
F0488,Livestock,Sheep,Karnataka,1,16.4,,,,,45.0,36.6,56.3,30.6,78.5,2.9,No Disease,1,4.7,2.59,52.85,100.0,,100.0,High
F0489,Aquaculture,Catla,Karnataka,6,2.8,32.1,8.34,6.01,0.22,129.3,196.9,70.8,172.8,90.3,4.1,Early Mortality Syndrome,1,5.5,1.63,331.64,100.0,77.1,100.0,High
F0490,Aquaculture,Pangasius,Karnataka,4,14.3,30.5,8.92,5.88,0.27,41.2,31.0,63.2,30.1,62.8,3.7,No Disease,0,0.9,1.26,55.41,100.0,76.6,67.1,High
F0491,Livestock,Buffalo,Tamil Nadu,1,2.8,,,,,65.7,50.6,59.0,133.0,95.9,3.6,No Disease,0,3.6,1.7,67.47,100.0,,98.1,High
F0492,Aquaculture,Tilapia,Karnataka,1,8.0,29.1,7.9,3.86,0.18,117.7,203.1,55.2,113.6,80.7,2.8,No Disease,0,2.8,1.67,289.65,100.0,93.0,100.0,High
F0493,Aquaculture,Catla,West Bengal,6,17.8,30.3,7.69,6.64,0.17,106.6,48.2,94.9,81.7,86.6,2.9,White Spot Disease,1,18.9,1.79,61.11,86.9,89.5,85.0,High
F0494,Livestock,Sheep,Karnataka,6,5.1,,,,,41.9,55.1,76.0,81.0,55.6,2.6,No Disease,0,2.5,1.81,67.72,100.0,,54.5,Medium
F0495,Aquaculture,Shrimp,West Bengal,1,24.4,25.8,7.37,4.84,0.56,86.3,61.1,87.9,141.5,79.4,4.4,No Disease,0,3.7,1.59,72.09,100.0,82.0,61.2,Medium
F0496,Aquaculture,Shrimp,Andhra Pradesh,5,22.0,29.6,7.74,4.74,0.29,158.5,188.4,81.3,147.7,72.4,2.6,No Disease,0,5.6,1.7,331.39,100.0,92.9,80.2,High
F0497,Aquaculture,Rohu,West Bengal,3,20.3,27.9,6.93,5.22,0.49,144.7,52.0,65.9,131.7,62.1,2.9,Early Mortality Syndrome,1,5.9,2.06,75.1,100.0,86.9,100.0,High
F0498,Livestock,Cattle,Andhra Pradesh,3,13.7,,,,,76.1,22.6,65.7,110.9,71.4,4.5,No Disease,1,5.5,2.54,36.91,100.0,,94.4,High
F0499,Aquaculture,Shrimp,Tamil Nadu,3,9.3,31.5,7.39,5.53,0.13,137.3,99.1,84.8,159.2,75.3,3.0,No Disease,0,1.5,1.59,130.51,100.0,81.1,73.8,High
F0500,Livestock,Cattle,Telangana,7,20.4,,,,,27.2,42.9,77.1,105.5,54.5,3.8,No Disease,0,1.3,2.02,44.98,100.0,,49.7,Medium
F0501,Aquaculture,Pangasius,Karnataka,7,22.9,29.0,8.48,4.57,0.34,47.0,220.9,58.2,44.4,84.9,3.0,No Disease,0,0.0,1.66,315.42,100.0,87.8,85.5,High
F0502,Aquaculture,Rohu,Andhra Pradesh,7,5.0,24.9,8.43,5.33,0.17,140.8,41.7,82.3,51.5,87.9,3.3,Bacterial Infection,1,4.6,1.73,69.77,100.0,80.0,100.0,High
F0503,Aquaculture,Shrimp,Andhra Pradesh,5,23.8,24.5,7.88,3.97,0.25,133.9,193.4,59.7,84.2,58.0,3.5,Bacterial Infection,1,13.6,1.81,278.35,87.4,84.7,100.0,High
F0504,Livestock,Poultry,Karnataka,6,4.6,,,,,79.9,38.2,79.0,10.7,59.5,4.3,No Disease,0,2.0,1.6,56.82,100.0,,61.0,Medium
F0505,Aquaculture,Tilapia,Andhra Pradesh,7,2.8,27.1,7.89,6.46,0.77,58.9,54.7,89.1,159.8,67.2,3.1,No Disease,0,3.5,1.54,68.04,100.0,86.1,45.6,Medium
F0506,Aquaculture,Tilapia,Tamil Nadu,4,15.7,31.4,7.77,5.23,0.41,90.4,127.0,84.7,159.1,63.9,4.3,No Disease,0,1.5,1.56,137.77,100.0,85.8,57.9,Medium
F0507,Livestock,Poultry,Andhra Pradesh,7,6.0,,,,,61.5,8.2,58.5,0.5,67.9,3.2,No Disease,0,1.9,1.91,11.48,100.0,,76.9,High
F0508,Aquaculture,Rohu,Tamil Nadu,4,12.3,32.3,7.86,5.95,0.26,92.9,126.6,58.8,109.6,67.4,2.4,No Disease,0,2.3,1.37,189.78,100.0,82.1,84.4,High
F0509,Livestock,Buffalo,Tamil Nadu,3,16.2,,,,,44.7,24.9,68.9,109.9,94.8,3.6,Respiratory Infection,1,9.5,2.35,32.19,100.0,,100.0,High
F0510,Livestock,Cattle,Andhra Pradesh,3,9.1,,,,,7.5,36.4,63.0,62.3,63.4,3.1,Mastitis,1,6.4,2.32,60.72,100.0,,78.9,High
F0511,Aquaculture,Tilapia,Telangana,1,3.5,31.5,8.46,7.13,0.26,122.2,211.5,58.1,124.3,78.0,2.9,No Disease,0,2.0,1.63,351.04,100.0,78.1,98.9,High
F0512,Livestock,Buffalo,Tamil Nadu,6,11.9,,,,,20.5,41.9,70.2,128.3,53.4,2.5,No Disease,0,1.2,1.72,43.91,100.0,,54.9,Medium
F0513,Aquaculture,Pangasius,Tamil Nadu,4,5.9,25.3,7.81,4.56,0.57,76.8,106.4,76.4,61.8,65.4,3.0,Parasitic Infection,1,15.4,1.92,175.67,87.5,84.8,82.8,High
F0514,Livestock,Buffalo,Andhra Pradesh,5,10.3,,,,,69.4,29.1,72.4,80.9,96.5,4.1,No Disease,0,0.0,1.86,38.69,100.0,,86.1,High
F0515,Livestock,Goat,West Bengal,2,11.5,,,,,65.2,26.8,65.0,179.0,95.7,4.1,No Disease,0,1.3,2.11,41.82,100.0,,91.9,High
F0516,Aquaculture,Tilapia,Telangana,7,23.7,26.5,8.08,4.54,0.29,111.1,57.3,72.9,149.9,97.4,2.8,No Disease,0,2.0,1.56,89.35,100.0,90.6,96.8,High
F0517,Livestock,Sheep,West Bengal,3,11.9,,,,,73.8,56.0,66.6,72.1,91.1,2.8,No Disease,0,1.4,1.84,78.69,100.0,,88.7,High
F0518,Livestock,Poultry,Karnataka,5,24.1,,,,,56.4,39.7,73.2,76.5,52.5,3.2,No Disease,0,1.1,2.05,65.11,100.0,,60.9,Medium
F0519,Livestock,Buffalo,Karnataka,3,13.8,,,,,26.4,19.3,71.5,150.4,96.3,3.0,No Disease,0,3.0,1.47,22.42,100.0,,76.1,High
F0520,Livestock,Cattle,Telangana,5,12.5,,,,,20.0,31.4,83.9,164.1,71.6,4.4,No Disease,0,1.1,1.88,45.64,100.0,,42.4,Medium
F0521,Livestock,Poultry,Karnataka,4,4.3,,,,,60.0,6.3,82.1,142.7,52.0,3.2,Mastitis,1,8.5,1.96,8.84,100.0,,72.9,High
F0522,Aquaculture,Rohu,West Bengal,1,23.4,26.8,8.24,4.95,0.48,141.7,137.3,81.7,71.2,88.0,3.1,No Disease,0,2.7,1.63,175.65,100.0,87.9,88.1,High
F0523,Livestock,Poultry,Andhra Pradesh,4,16.8,,,,,53.6,21.8,88.5,103.5,97.2,2.5,Mastitis,1,8.1,2.49,21.83,100.0,,86.7,High
F0524,Aquaculture,Tilapia,Andhra Pradesh,2,11.4,30.7,7.56,5.03,0.1,155.2,82.4,63.0,122.6,77.9,3.3,No Disease,0,0.6,1.41,142.12,100.0,86.3,100.0,High
F0525,Livestock,Cattle,Andhra Pradesh,4,16.5,,,,,45.7,46.6,58.8,38.0,71.6,1.9,No Disease,0,1.6,1.57,65.3,100.0,,73.9,High
F0526,Aquaculture,Rohu,Karnataka,2,9.5,27.1,7.66,5.84,0.7,150.6,189.9,81.9,177.5,77.9,2.3,No Disease,0,3.2,1.74,259.84,100.0,87.2,82.1,High
F0527,Aquaculture,Pangasius,Tamil Nadu,7,24.8,30.0,8.37,5.17,0.11,150.8,129.4,78.1,138.8,83.4,3.0,No Disease,0,3.2,1.29,213.36,100.0,85.2,90.3,High
F0528,Livestock,Sheep,West Bengal,6,12.6,,,,,66.8,41.5,89.0,146.7,49.5,3.5,No Disease,1,11.6,2.5,65.86,97.3,,67.7,High
F0529,Livestock,Poultry,Telangana,4,3.1,,,,,16.6,25.2,70.8,100.7,80.3,4.4,No Disease,0,0.8,2.16,37.76,100.0,,61.6,Medium
F0530,Livestock,Cattle,West Bengal,4,3.0,,,,,36.4,47.2,86.6,103.4,88.6,3.3,No Disease,0,0.6,2.36,56.42,100.0,,57.4,Medium
F0531,Aquaculture,Tilapia,Andhra Pradesh,6,19.1,29.6,8.18,3.77,0.31,160.7,190.8,72.8,85.2,72.7,4.3,No Disease,1,11.1,1.93,279.3,90.4,86.7,100.0,High
F0532,Livestock,Cattle,Karnataka,2,25.0,,,,,16.2,17.3,95.8,66.1,93.1,2.6,No Disease,0,3.7,2.09,20.14,100.0,,46.7,Medium
F0533,Aquaculture,Shrimp,Telangana,4,12.3,26.2,8.32,5.53,0.26,165.7,239.1,71.6,141.6,81.7,2.2,No Disease,0,1.8,1.3,264.88,100.0,86.6,99.2,High
F0534,Aquaculture,Shrimp,Karnataka,5,18.2,33.1,7.87,3.78,0.18,63.3,100.4,86.9,136.2,83.7,2.6,No Disease,0,6.3,1.29,139.9,100.0,76.6,59.9,Medium
F0535,Aquaculture,Tilapia,Andhra Pradesh,3,8.8,26.5,8.0,3.88,0.22,107.9,210.9,95.9,114.2,70.2,3.5,No Disease,0,2.2,1.64,265.7,100.0,90.4,51.2,Medium
F0536,Livestock,Buffalo,Karnataka,1,22.3,,,,,41.4,54.6,90.9,26.5,82.5,3.0,No Disease,0,1.9,1.96,68.68,100.0,,49.4,Medium
F0537,Livestock,Sheep,Andhra Pradesh,5,22.4,,,,,49.8,30.4,56.4,112.4,67.1,3.3,No Disease,0,1.3,2.01,31.13,100.0,,76.0,High
F0538,Aquaculture,Rohu,West Bengal,3,1.6,26.4,7.38,5.65,0.25,126.3,235.3,96.3,37.5,68.4,3.9,No Disease,0,3.4,1.18,323.64,100.0,88.6,55.3,Medium
F0539,Aquaculture,Rohu,Karnataka,5,18.8,30.3,7.76,5.89,0.06,106.8,123.0,88.3,94.8,68.6,2.6,Bacterial Infection,1,7.5,1.72,187.34,100.0,90.3,78.4,High
F0540,Livestock,Goat,Andhra Pradesh,2,2.5,,,,,72.1,56.3,89.7,114.4,61.1,4.5,No Disease,0,2.9,2.52,82.14,100.0,,48.3,Medium
F0541,Aquaculture,Shrimp,Karnataka,6,9.2,24.7,8.34,5.01,0.08,177.0,242.1,72.9,47.8,68.0,2.7,No Disease,0,0.0,1.39,283.02,100.0,80.3,91.4,High
F0542,Livestock,Cattle,Karnataka,3,24.8,,,,,55.6,38.7,74.9,100.1,60.1,1.9,No Disease,0,1.8,2.05,64.66,100.0,,59.0,Medium
F0543,Aquaculture,Rohu,West Bengal,4,9.9,31.0,7.79,6.84,0.41,179.1,73.4,81.8,82.9,56.7,2.0,Bacterial Infection,1,17.4,2.17,75.27,82.8,87.6,100.0,High
F0544,Livestock,Sheep,Tamil Nadu,1,4.1,,,,,63.5,47.5,77.3,154.4,65.7,4.2,No Disease,0,1.1,2.34,55.12,100.0,,58.6,Medium
F0545,Aquaculture,Rohu,West Bengal,7,19.3,33.3,8.29,2.81,0.18,168.2,48.9,73.0,62.0,76.4,3.1,No Disease,0,0.0,1.46,56.11,100.0,61.0,94.2,High
F0546,Livestock,Buffalo,Andhra Pradesh,4,17.3,,,,,40.2,27.5,74.2,74.0,73.5,2.5,No Disease,0,0.2,1.92,27.92,100.0,,58.6,Medium
F0547,Aquaculture,Catla,Telangana,6,22.8,30.4,8.19,4.57,0.17,113.0,59.6,68.1,57.9,61.9,2.5,No Disease,0,2.1,1.4,106.13,100.0,85.7,80.2,High
F0548,Livestock,Poultry,West Bengal,1,7.3,,,,,51.7,20.3,78.3,16.4,81.0,3.8,Mastitis,1,11.9,2.55,31.53,99.2,,83.4,High
F0549,Livestock,Sheep,Tamil Nadu,6,13.2,,,,,33.7,36.2,82.8,81.3,96.3,2.0,No Disease,0,1.5,1.56,44.72,100.0,,66.7,High
F0550,Aquaculture,Shrimp,Andhra Pradesh,3,20.8,29.1,7.54,4.15,0.4,45.7,112.7,95.2,2.1,80.3,3.3,No Disease,0,3.7,1.66,173.02,100.0,92.5,44.5,Medium
F0551,Aquaculture,Rohu,Andhra Pradesh,1,18.1,27.6,7.55,5.63,0.48,149.1,185.4,76.4,7.4,80.1,2.1,No Disease,0,4.4,1.4,284.36,100.0,93.4,89.0,High
F0552,Livestock,Sheep,Tamil Nadu,7,4.1,,,,,51.4,10.3,77.5,1.3,61.8,3.6,No Disease,0,1.1,1.97,16.4,100.0,,55.4,Medium
F0553,Aquaculture,Tilapia,West Bengal,6,20.2,30.2,7.33,5.02,0.29,167.2,91.2,97.0,50.6,96.0,2.1,No Disease,0,0.0,1.43,142.68,100.0,85.6,85.6,High
F0554,Livestock,Cattle,Andhra Pradesh,2,25.0,,,,,64.0,58.5,57.6,146.2,60.9,3.3,No Disease,0,1.2,1.98,64.52,100.0,,78.4,High
F0555,Aquaculture,Catla,Andhra Pradesh,4,8.6,30.3,7.61,5.38,0.14,59.9,182.1,93.9,78.2,76.0,4.3,No Disease,0,4.6,1.58,197.67,100.0,88.5,45.9,Medium
F0556,Livestock,Poultry,Karnataka,5,9.8,,,,,64.0,23.9,59.3,114.1,91.6,4.2,No Disease,0,1.0,2.28,33.96,100.0,,94.0,High
F0557,Livestock,Cattle,Tamil Nadu,5,1.5,,,,,46.6,12.6,60.6,106.5,78.5,1.9,No Disease,0,1.9,2.23,16.43,100.0,,77.8,High
F0558,Livestock,Poultry,Andhra Pradesh,6,7.7,,,,,78.2,52.4,93.4,159.5,73.7,3.5,Parasitic Infection,1,13.1,2.47,70.84,92.5,,69.1,High
F0559,Livestock,Goat,Karnataka,5,17.7,,,,,19.7,58.4,61.6,48.5,76.3,3.4,No Disease,0,0.7,1.76,96.74,100.0,,68.4,High
F0560,Livestock,Buffalo,Karnataka,4,22.3,,,,,16.8,39.3,78.1,49.5,70.4,3.8,No Disease,0,2.2,2.12,49.65,100.0,,46.4,Medium
F0561,Livestock,Cattle,Tamil Nadu,7,10.5,,,,,55.3,59.4,83.4,132.0,65.6,3.0,No Disease,0,0.0,2.3,65.8,100.0,,50.4,Medium
F0562,Aquaculture,Shrimp,Andhra Pradesh,7,2.3,24.1,8.16,4.85,0.38,80.6,82.0,61.2,104.7,62.2,3.1,No Disease,0,2.0,1.38,127.66,100.0,80.1,78.9,High
F0563,Aquaculture,Tilapia,Telangana,2,20.5,30.7,7.99,4.16,0.36,104.6,229.4,69.0,89.8,96.2,3.8,No Disease,0,0.8,1.42,340.71,100.0,86.9,98.1,High
F0564,Aquaculture,Pangasius,Andhra Pradesh,6,13.3,25.2,7.4,5.51,0.14,63.3,141.6,80.4,53.6,56.5,2.1,Parasitic Infection,1,14.6,1.69,190.51,91.5,84.0,75.4,High
F0565,Livestock,Cattle,Tamil Nadu,5,10.9,,,,,46.7,21.0,74.0,116.5,71.2,3.5,No Disease,0,3.5,2.09,33.84,100.0,,58.6,Medium
F0566,Livestock,Buffalo,Telangana,1,15.2,,,,,69.9,27.8,85.7,156.2,47.3,3.3,No Disease,0,0.9,2.27,27.86,100.0,,51.8,Medium
F0567,Livestock,Sheep,Karnataka,3,14.8,,,,,12.8,37.5,86.7,138.1,93.0,2.9,No Disease,0,0.7,1.88,48.93,100.0,,54.9,Medium
F0568,Livestock,Goat,Karnataka,1,14.1,,,,,53.7,6.2,71.3,127.8,46.1,3.3,Mastitis,1,6.6,2.63,10.53,100.0,,82.1,High
F0569,Aquaculture,Pangasius,Andhra Pradesh,4,13.7,28.4,8.16,6.23,0.31,81.6,101.5,94.0,162.2,97.0,4.3,No Disease,1,10.4,1.8,139.85,100.0,94.1,88.0,High
F0570,Aquaculture,Tilapia,Telangana,2,23.8,26.8,7.34,5.62,0.21,107.5,149.5,80.5,115.1,76.3,2.0,No Disease,0,1.4,1.48,216.93,100.0,89.7,71.4,High
F0571,Livestock,Cattle,Tamil Nadu,4,13.3,,,,,73.3,25.4,63.9,116.8,91.2,3.8,No Disease,0,0.9,2.1,31.59,100.0,,91.4,High
F0572,Aquaculture,Catla,Karnataka,4,17.6,26.8,7.27,6.03,0.11,166.4,241.3,83.1,150.9,77.6,2.5,No Disease,0,0.8,1.58,312.4,100.0,88.8,84.6,High
F0573,Aquaculture,Rohu,Andhra Pradesh,7,12.9,30.4,8.19,4.91,0.13,107.9,78.9,77.7,52.3,84.6,3.2,No Disease,0,0.0,1.22,99.01,100.0,85.7,81.0,High
F0574,Livestock,Sheep,Telangana,6,17.9,,,,,18.6,33.4,66.8,131.5,89.1,3.7,No Disease,0,0.9,2.42,48.63,100.0,,73.1,High
F0575,Aquaculture,Shrimp,Telangana,4,18.4,26.4,7.49,5.65,0.3,126.0,63.3,67.3,85.7,96.0,2.6,No Disease,0,1.4,1.12,66.91,100.0,89.9,100.0,High
F0576,Livestock,Buffalo,Tamil Nadu,7,8.8,,,,,14.6,15.0,89.9,158.1,48.8,1.9,No Disease,0,1.3,1.98,18.87,100.0,,33.8,Low
F0577,Aquaculture,Rohu,Telangana,2,17.7,26.0,7.97,3.44,0.32,171.6,195.3,96.8,6.8,67.3,2.5,White Spot Disease,1,5.0,1.93,274.83,100.0,84.4,86.1,High
F0578,Livestock,Buffalo,Karnataka,3,12.8,,,,,17.4,44.4,77.6,176.6,74.3,1.9,No Disease,0,1.4,2.29,68.74,100.0,,50.2,Medium
F0579,Livestock,Poultry,Telangana,4,16.6,,,,,17.4,47.1,64.8,94.8,68.9,3.4,No Disease,0,1.5,1.93,67.09,100.0,,59.6,Medium
F0580,Livestock,Cattle,West Bengal,1,23.8,,,,,61.4,3.8,67.2,89.8,47.4,2.3,No Disease,0,0.7,1.78,5.52,100.0,,68.2,High
F0581,Livestock,Buffalo,West Bengal,3,8.6,,,,,49.8,29.4,85.0,78.1,55.7,2.4,No Disease,0,0.9,2.15,49.14,100.0,,47.4,Medium
F0582,Aquaculture,Rohu,Tamil Nadu,2,15.3,26.9,7.92,4.27,0.51,150.1,98.0,90.2,23.5,62.5,2.9,No Disease,0,1.5,1.49,125.54,100.0,91.4,67.3,High
F0583,Livestock,Buffalo,West Bengal,4,17.0,,,,,9.8,11.6,67.9,97.1,86.2,2.7,No Disease,0,1.6,2.12,12.87,100.0,,67.5,High
F0584,Livestock,Sheep,West Bengal,2,13.2,,,,,9.1,57.4,60.5,125.5,71.8,1.9,No Disease,0,1.1,1.92,72.0,100.0,,63.2,Medium
F0585,Livestock,Cattle,Telangana,5,10.0,,,,,48.1,53.6,83.0,85.5,90.3,3.1,No Disease,0,2.4,2.05,88.79,100.0,,65.3,High
F0586,Aquaculture,Pangasius,Telangana,2,18.4,27.7,7.33,4.62,0.21,146.9,137.5,78.9,74.0,74.8,2.3,No Disease,0,1.3,1.54,160.06,100.0,93.2,81.7,High
F0587,Livestock,Cattle,Karnataka,3,17.7,,,,,79.3,45.2,86.8,44.6,89.2,2.9,No Disease,0,3.2,1.5,58.02,100.0,,68.4,High
F0588,Aquaculture,Rohu,Karnataka,6,8.2,24.9,8.14,4.29,0.4,64.5,178.9,91.2,86.7,77.8,2.8,No Disease,0,2.7,1.81,292.28,100.0,83.5,51.2,Medium
F0589,Livestock,Cattle,Telangana,6,17.3,,,,,40.5,26.0,91.2,41.4,45.3,3.6,No Disease,0,4.0,1.97,31.0,100.0,,38.9,Medium
F0590,Aquaculture,Catla,West Bengal,6,8.8,21.6,7.51,4.6,0.36,75.8,27.4,67.8,105.2,73.1,4.4,Bacterial Infection,1,9.7,2.01,27.46,97.9,70.9,93.6,High
F0591,Aquaculture,Tilapia,Telangana,7,23.2,26.8,8.33,3.92,0.16,116.6,63.0,56.4,170.2,94.8,2.4,No Disease,1,5.2,2.09,100.51,100.0,88.0,100.0,High
F0592,Livestock,Buffalo,Andhra Pradesh,5,22.1,,,,,73.5,7.4,86.0,25.3,65.6,2.9,No Disease,0,2.7,1.74,8.71,100.0,,52.4,Medium
F0593,Aquaculture,Pangasius,Andhra Pradesh,4,14.1,32.1,7.37,3.63,0.32,152.2,36.2,84.6,31.5,80.6,4.1,No Disease,0,3.5,1.46,53.23,100.0,74.7,81.9,High
F0594,Livestock,Goat,Telangana,5,23.2,,,,,28.6,5.0,95.8,115.5,91.5,3.6,No Disease,0,1.7,2.02,5.89,100.0,,48.6,Medium
F0595,Livestock,Sheep,Tamil Nadu,4,7.6,,,,,19.5,53.7,56.3,161.2,47.7,3.6,No Disease,0,1.4,2.3,57.21,100.0,,68.6,High
F0596,Livestock,Goat,Telangana,7,18.1,,,,,36.2,44.2,89.3,170.1,77.3,2.5,No Disease,0,2.0,2.05,66.24,100.0,,45.6,Medium
F0597,Aquaculture,Catla,Karnataka,6,18.3,31.9,7.77,5.7,0.18,144.9,144.1,92.2,23.8,80.6,3.1,No Disease,0,0.7,1.4,173.1,100.0,84.0,72.5,High
F0598,Aquaculture,Pangasius,Karnataka,3,8.9,25.0,8.12,4.96,0.19,71.4,147.0,70.4,173.9,96.4,3.1,No Disease,0,4.5,1.51,172.51,100.0,84.2,88.6,High
F0599,Livestock,Cattle,Karnataka,6,20.8,,,,,33.6,27.5,75.2,138.5,50.6,3.9,No Disease,0,0.0,1.96,37.83,100.0,,53.2,Medium
F0600,Livestock,Goat,Telangana,1,1.7,,,,,79.2,17.8,92.6,138.0,64.2,3.8,No Disease,0,2.5,1.68,25.79,100.0,,47.2,Medium
F0601,Aquaculture,Pangasius,Andhra Pradesh,6,21.8,24.9,7.66,4.82,0.49,171.0,238.5,59.9,172.2,70.8,3.6,No Disease,1,16.1,2.04,410.64,79.7,83.7,100.0,High
F0602,Livestock,Goat,Andhra Pradesh,5,4.9,,,,,29.3,41.4,79.2,29.2,61.4,4.2,No Disease,0,1.1,2.51,51.45,100.0,,48.1,Medium
F0603,Livestock,Goat,Telangana,6,13.8,,,,,32.6,26.1,90.8,55.8,95.0,2.3,No Disease,0,0.7,1.71,41.35,100.0,,57.4,Medium
F0604,Livestock,Cattle,Tamil Nadu,7,22.7,,,,,20.7,30.2,58.7,151.8,83.1,4.3,No Disease,0,1.8,2.02,43.77,100.0,,77.0,High
F0605,Aquaculture,Pangasius,West Bengal,2,8.2,23.1,8.38,4.07,0.17,115.0,231.3,84.5,134.0,90.9,2.9,Bacterial Infection,1,11.3,1.56,368.14,95.7,73.4,100.0,High
F0606,Aquaculture,Tilapia,Tamil Nadu,1,11.4,26.6,7.13,6.62,0.35,166.2,230.6,88.4,41.1,56.1,3.0,Parasitic Infection,1,8.5,1.82,384.93,100.0,86.4,93.2,High
F0607,Aquaculture,Pangasius,West Bengal,3,14.4,29.8,7.74,4.63,0.1,54.3,133.5,85.0,48.8,67.8,4.1,Bacterial Infection,1,2.9,1.65,203.73,100.0,92.1,68.6,High
F0608,Livestock,Goat,West Bengal,3,9.7,,,,,43.3,32.7,92.7,83.2,59.8,2.4,Respiratory Infection,1,8.2,2.29,43.56,100.0,,58.1,Medium
F0609,Livestock,Cattle,Tamil Nadu,4,9.1,,,,,77.8,59.0,79.9,0.2,92.7,3.3,No Disease,0,1.1,1.98,92.91,100.0,,77.7,High
F0610,Livestock,Sheep,Karnataka,3,19.4,,,,,72.1,41.1,63.8,167.9,59.0,2.2,No Disease,0,1.1,1.81,49.2,100.0,,74.2,High
F0611,Aquaculture,Tilapia,Andhra Pradesh,2,11.4,25.8,7.39,4.98,0.29,172.6,98.7,73.9,127.3,80.3,2.8,No Disease,0,0.4,1.43,151.16,100.0,86.3,97.5,High
F0612,Livestock,Sheep,Telangana,3,23.7,,,,,46.1,8.7,56.0,9.2,95.6,2.2,No Disease,0,1.5,1.75,11.53,100.0,,96.0,High
F0613,Livestock,Buffalo,Andhra Pradesh,6,2.6,,,,,59.8,40.5,60.6,115.2,85.9,4.1,No Disease,0,2.4,2.35,44.71,100.0,,87.1,High
F0614,Livestock,Goat,Tamil Nadu,1,3.8,,,,,24.6,42.0,94.7,61.2,71.7,3.1,No Disease,0,3.3,2.02,65.54,100.0,,32.8,Low
F0615,Livestock,Sheep,Telangana,4,19.2,,,,,15.9,12.3,92.1,70.7,45.2,2.5,No Disease,0,2.0,2.37,18.92,100.0,,31.9,Low
F0616,Aquaculture,Rohu,Karnataka,2,11.2,30.0,7.34,5.51,0.24,88.9,232.0,95.1,43.5,89.3,3.1,No Disease,0,1.7,1.75,274.28,100.0,86.5,62.6,Medium
F0617,Aquaculture,Shrimp,Telangana,3,7.5,27.6,7.78,4.33,0.51,83.9,157.6,73.8,176.6,70.3,3.5,No Disease,0,5.1,1.3,173.58,100.0,95.4,67.4,High
F0618,Livestock,Poultry,Karnataka,6,2.7,,,,,45.9,10.5,74.5,158.6,67.3,4.1,No Disease,0,0.0,2.04,11.38,100.0,,57.0,Medium
F0619,Aquaculture,Shrimp,West Bengal,5,11.8,26.5,7.93,5.97,0.66,123.2,86.9,66.5,137.3,66.0,3.1,No Disease,0,4.4,1.75,134.47,100.0,85.9,84.3,High
F0620,Aquaculture,Catla,West Bengal,7,11.0,28.4,7.82,6.53,0.23,111.1,134.0,95.0,160.2,88.8,2.7,No Disease,0,0.8,0.94,223.15,100.0,98.2,67.8,High
F0621,Livestock,Goat,Karnataka,1,10.4,,,,,34.5,49.9,66.5,50.0,72.7,3.0,No Disease,0,4.0,1.69,54.88,100.0,,64.3,Medium
F0622,Livestock,Sheep,West Bengal,1,18.4,,,,,55.4,3.9,60.7,123.5,56.3,4.1,No Disease,0,3.3,1.86,4.4,100.0,,73.2,High
F0623,Aquaculture,Pangasius,Telangana,1,14.1,28.9,8.38,6.29,0.08,120.7,58.1,72.3,61.8,72.2,3.9,No Disease,0,1.0,1.15,94.68,100.0,89.4,79.6,High
F0624,Livestock,Poultry,Telangana,1,13.1,,,,,41.7,8.5,74.7,125.5,97.9,2.7,No Disease,0,0.7,1.93,14.15,100.0,,78.0,High
F0625,Aquaculture,Rohu,Andhra Pradesh,1,24.3,24.9,6.97,4.78,0.13,152.6,204.0,95.2,72.6,85.5,3.3,No Disease,0,0.0,1.24,245.2,100.0,77.6,75.4,High
F0626,Livestock,Sheep,Karnataka,1,8.2,,,,,14.0,47.4,70.1,40.4,63.7,3.5,No Disease,0,0.6,1.97,49.82,100.0,,53.4,Medium
F0627,Aquaculture,Shrimp,Karnataka,3,7.3,29.7,7.81,5.81,0.26,65.2,186.6,89.9,122.2,81.1,3.4,No Disease,0,0.0,1.35,316.44,100.0,93.1,55.3,Medium
F0628,Livestock,Goat,Telangana,6,1.6,,,,,49.5,12.9,93.2,145.5,72.6,3.8,No Disease,1,1.2,2.61,17.37,100.0,,61.3,Medium
F0629,Aquaculture,Pangasius,West Bengal,7,21.1,31.5,8.4,4.66,0.24,149.8,176.1,75.3,162.0,69.5,2.7,No Disease,0,0.4,1.46,206.4,100.0,78.8,82.2,High
F0630,Aquaculture,Rohu,Andhra Pradesh,7,2.7,28.3,7.67,5.48,0.39,171.3,49.6,58.8,150.9,91.8,4.1,No Disease,0,0.7,1.16,77.36,100.0,97.2,100.0,High
F0631,Aquaculture,Tilapia,Tamil Nadu,6,7.5,27.8,8.61,4.26,0.09,170.1,229.5,85.8,159.2,68.7,3.0,No Disease,0,0.0,1.37,410.56,100.0,89.5,76.7,High
F0632,Livestock,Buffalo,West Bengal,4,16.1,,,,,35.2,3.0,90.0,64.7,75.8,2.0,No Disease,0,0.0,1.77,4.8,100.0,,43.4,Medium
F0633,Aquaculture,Shrimp,Karnataka,1,3.4,30.7,7.26,3.75,0.09,64.1,46.6,79.9,65.6,58.5,4.2,Parasitic Infection,1,13.8,1.69,51.01,89.5,80.2,76.1,High
F0634,Aquaculture,Catla,Telangana,5,23.8,26.1,8.07,5.9,0.2,163.9,30.3,62.2,21.1,62.7,4.4,No Disease,0,2.1,1.51,46.33,100.0,89.2,98.8,High
F0635,Livestock,Buffalo,Karnataka,2,19.1,,,,,10.2,16.8,63.5,2.9,73.5,3.3,No Disease,0,1.6,1.72,25.83,100.0,,61.9,Medium
F0636,Livestock,Sheep,West Bengal,3,18.0,,,,,42.0,35.2,79.5,73.9,55.2,3.8,No Disease,0,0.8,1.75,46.91,100.0,,51.0,Medium
F0637,Aquaculture,Tilapia,Andhra Pradesh,7,23.5,27.8,8.18,5.69,0.55,83.5,248.7,56.6,29.2,93.4,2.2,No Disease,0,1.9,1.36,398.81,100.0,90.9,100.0,High
F0638,Aquaculture,Tilapia,Telangana,6,4.6,26.5,7.68,5.23,0.36,50.4,207.8,92.3,115.1,74.2,3.7,No Disease,0,2.0,1.56,340.54,100.0,92.6,43.7,Medium
F0639,Livestock,Goat,Karnataka,1,18.7,,,,,79.0,19.7,60.5,98.2,90.5,3.6,Respiratory Infection,1,9.5,2.68,28.89,96.6,,100.0,High
F0640,Livestock,Sheep,West Bengal,4,14.9,,,,,36.7,51.1,83.8,131.9,76.1,3.0,Parasitic Infection,1,3.4,2.21,74.97,100.0,,70.3,High
F0641,Livestock,Poultry,West Bengal,7,19.2,,,,,59.4,5.0,56.3,19.0,96.2,4.3,Mastitis,1,6.8,2.05,6.99,100.0,,100.0,High
F0642,Livestock,Sheep,Telangana,2,23.1,,,,,11.9,27.0,80.2,163.7,55.0,4.0,No Disease,0,1.3,2.07,41.87,100.0,,42.8,Medium
F0643,Livestock,Buffalo,Andhra Pradesh,7,23.4,,,,,70.3,38.8,91.3,47.0,50.2,3.5,No Disease,0,2.8,1.63,39.63,100.0,,46.3,Medium
F0644,Aquaculture,Pangasius,Karnataka,3,12.4,29.0,8.57,5.29,0.14,90.0,202.2,87.6,163.9,55.6,4.0,No Disease,0,2.1,1.42,304.06,100.0,86.8,54.9,Medium
F0645,Livestock,Buffalo,Karnataka,1,14.4,,,,,51.8,49.9,95.3,144.6,67.6,3.5,No Disease,0,0.9,2.08,58.42,100.0,,37.7,Medium
F0646,Aquaculture,Tilapia,Tamil Nadu,3,24.9,23.8,8.36,4.49,0.24,151.4,75.4,74.8,86.5,79.1,4.0,No Disease,0,0.6,1.46,99.65,100.0,76.5,90.3,High
F0647,Aquaculture,Catla,West Bengal,2,11.8,21.4,7.38,3.91,0.32,168.7,230.4,97.5,157.3,97.9,2.6,No Disease,0,1.5,1.41,410.93,100.0,67.7,87.0,High
F0648,Aquaculture,Tilapia,West Bengal,6,24.8,29.6,8.7,4.0,0.2,150.9,115.7,59.0,87.2,58.9,2.3,No Disease,0,0.2,1.29,166.53,100.0,82.8,98.7,High
F0649,Livestock,Poultry,Tamil Nadu,5,11.9,,,,,6.5,8.8,91.3,152.1,62.4,2.0,No Disease,0,1.4,1.98,12.43,100.0,,30.3,Low
F0650,Aquaculture,Catla,Karnataka,3,3.6,27.3,7.58,4.83,0.28,84.9,109.0,81.8,28.5,92.0,3.1,No Disease,0,1.0,1.37,109.33,100.0,94.6,77.0,High
F0651,Aquaculture,Pangasius,Karnataka,6,22.4,29.2,7.76,4.57,0.6,42.7,27.8,84.4,150.8,85.4,3.0,No Disease,1,10.1,1.85,29.37,99.1,89.7,78.6,High
F0652,Livestock,Goat,Andhra Pradesh,1,16.0,,,,,23.2,46.9,77.7,167.0,67.7,4.1,No Disease,0,2.3,1.92,74.73,100.0,,48.1,Medium
F0653,Aquaculture,Rohu,Telangana,7,16.0,31.0,7.29,6.22,0.35,81.5,137.3,83.7,4.7,71.2,3.7,No Disease,0,3.4,1.33,219.95,100.0,81.9,57.6,Medium
F0654,Aquaculture,Pangasius,Karnataka,1,6.4,31.6,7.7,5.27,0.21,142.3,248.5,84.2,41.7,59.7,3.6,No Disease,0,2.1,1.77,328.73,100.0,84.4,71.4,High
F0655,Livestock,Goat,Tamil Nadu,7,24.0,,,,,47.3,57.2,89.1,104.2,79.3,4.3,No Disease,0,1.1,2.21,75.77,100.0,,50.2,Medium
F0656,Aquaculture,Rohu,West Bengal,1,16.2,28.5,7.99,4.5,0.73,134.0,27.4,80.2,99.7,69.9,2.5,No Disease,0,1.8,1.32,32.94,100.0,87.5,73.3,High
F0657,Aquaculture,Rohu,Andhra Pradesh,4,19.6,25.0,8.02,5.38,0.23,144.0,171.7,72.5,47.2,97.1,4.0,No Disease,0,0.8,1.63,230.29,100.0,85.4,100.0,High
F0658,Aquaculture,Catla,Karnataka,1,7.6,30.0,7.52,6.61,0.23,150.5,194.8,70.0,81.7,80.6,4.4,No Disease,0,1.4,1.81,290.39,100.0,88.6,96.1,High
F0659,Livestock,Cattle,Telangana,1,19.7,,,,,13.6,22.2,87.8,109.4,50.4,4.1,No Disease,0,1.4,1.67,32.28,100.0,,35.6,Medium
F0660,Livestock,Cattle,Andhra Pradesh,7,14.1,,,,,23.9,26.9,76.0,24.8,80.7,3.4,Mastitis,1,3.3,2.37,34.0,100.0,,78.5,High
F0661,Livestock,Sheep,Karnataka,3,10.4,,,,,65.2,37.5,71.2,0.2,68.7,2.5,Foot and Mouth Disease,1,9.8,2.54,42.32,95.5,,85.1,High
F0662,Aquaculture,Shrimp,West Bengal,7,12.5,27.2,7.52,5.32,0.43,97.9,36.7,85.7,126.5,81.4,3.3,No Disease,0,0.0,1.59,49.9,100.0,92.7,67.9,High
F0663,Aquaculture,Pangasius,Andhra Pradesh,2,11.6,25.1,8.37,4.82,0.3,146.8,35.7,55.5,161.7,80.0,2.9,No Disease,0,2.4,1.45,63.78,100.0,81.6,100.0,High
F0664,Livestock,Buffalo,Andhra Pradesh,6,9.5,,,,,5.4,41.3,78.6,59.6,54.0,3.1,No Disease,0,0.0,1.45,48.73,100.0,,42.8,Medium
F0665,Aquaculture,Pangasius,Andhra Pradesh,3,19.7,27.7,7.06,4.9,0.37,178.9,43.7,57.3,154.0,94.9,2.2,White Spot Disease,1,9.3,1.76,77.61,92.2,89.9,100.0,High
F0666,Aquaculture,Pangasius,Telangana,1,3.9,31.6,7.88,3.54,0.4,118.6,142.7,90.4,176.7,72.7,3.9,Parasitic Infection,1,8.2,1.78,184.17,100.0,80.0,81.4,High
F0667,Livestock,Buffalo,Karnataka,7,6.1,,,,,10.8,55.9,85.4,59.3,65.7,3.8,No Disease,0,1.8,2.0,64.27,100.0,,37.3,Medium
F0668,Livestock,Buffalo,Karnataka,5,23.7,,,,,63.5,21.7,71.3,159.8,66.4,3.5,No Disease,1,6.4,2.93,28.25,100.0,,84.6,High
F0669,Aquaculture,Rohu,Telangana,1,24.2,28.7,7.79,4.87,0.37,99.2,174.0,55.7,147.6,92.8,4.1,No Disease,0,2.0,1.43,238.09,100.0,97.1,100.0,High
F0670,Aquaculture,Pangasius,Telangana,7,5.8,28.6,7.27,5.79,0.18,149.7,45.9,94.2,35.0,81.4,4.5,No Disease,0,0.9,1.4,52.82,100.0,91.2,72.3,High
F0671,Aquaculture,Pangasius,Karnataka,2,20.5,24.8,8.38,6.47,0.13,105.4,206.8,61.7,142.2,57.8,2.5,No Disease,0,0.8,1.24,295.66,100.0,80.2,84.6,High
F0672,Livestock,Buffalo,West Bengal,5,10.5,,,,,15.9,28.9,88.3,60.7,78.6,1.9,No Disease,0,0.2,1.78,45.91,100.0,,42.6,Medium
F0673,Livestock,Poultry,Telangana,1,1.4,,,,,47.6,11.6,95.2,156.3,90.8,3.7,No Disease,0,1.1,2.06,13.71,100.0,,53.3,Medium
F0674,Livestock,Cattle,Telangana,5,13.8,,,,,38.9,57.6,66.2,122.9,94.9,3.6,No Disease,0,2.7,1.58,63.9,100.0,,83.4,High
F0675,Livestock,Cattle,Andhra Pradesh,3,1.0,,,,,27.8,33.4,63.2,33.6,75.6,3.7,Respiratory Infection,1,4.4,2.08,42.77,100.0,,88.2,High
F0676,Aquaculture,Tilapia,Karnataka,2,8.3,31.6,7.99,5.37,0.24,100.8,54.6,75.0,122.2,90.8,3.1,No Disease,0,0.0,1.52,96.31,100.0,83.3,86.8,High
F0677,Livestock,Poultry,Karnataka,5,20.0,,,,,67.5,37.6,94.3,41.8,51.4,1.8,No Disease,0,2.2,1.91,58.17,100.0,,42.6,Medium
F0678,Livestock,Goat,Tamil Nadu,7,14.2,,,,,16.2,15.1,75.1,76.5,60.3,2.3,No Disease,0,0.5,1.8,17.4,100.0,,49.0,Medium
F0679,Livestock,Sheep,Telangana,2,2.6,,,,,39.0,14.3,63.7,154.7,80.9,3.3,No Disease,0,2.9,1.95,18.18,100.0,,74.8,High
F0680,Livestock,Goat,Karnataka,3,20.4,,,,,20.9,24.8,57.8,40.7,87.0,4.0,No Disease,0,2.1,2.51,38.09,100.0,,81.0,High
F0681,Livestock,Sheep,West Bengal,2,21.9,,,,,19.0,40.0,71.2,176.8,80.3,4.4,No Disease,0,3.0,2.02,52.11,100.0,,61.8,Medium
F0682,Aquaculture,Catla,Karnataka,5,5.6,27.2,8.18,6.15,0.24,78.2,230.6,90.6,176.5,68.9,2.6,No Disease,0,3.1,1.11,305.07,100.0,92.2,49.0,Medium
F0683,Aquaculture,Pangasius,West Bengal,4,15.7,27.1,7.69,5.06,0.16,172.4,70.1,66.0,18.2,81.0,3.7,No Disease,0,0.3,1.44,86.33,100.0,95.1,100.0,High
F0684,Livestock,Buffalo,Andhra Pradesh,3,20.5,,,,,56.2,39.0,92.9,105.5,86.3,2.5,No Disease,0,2.2,2.22,40.63,100.0,,54.2,Medium
F0685,Aquaculture,Rohu,West Bengal,3,6.6,24.9,7.81,4.42,0.22,120.1,42.0,61.9,15.4,71.4,4.1,No Disease,0,4.1,1.64,59.93,100.0,87.5,89.2,High
F0686,Livestock,Goat,Karnataka,4,20.7,,,,,52.9,24.5,73.3,13.6,46.7,3.7,No Disease,0,1.3,1.55,32.57,100.0,,59.9,Medium
F0687,Livestock,Goat,Andhra Pradesh,4,18.6,,,,,50.3,53.9,92.2,160.3,59.3,1.9,No Disease,0,0.9,2.06,59.01,100.0,,40.4,Medium
F0688,Aquaculture,Tilapia,West Bengal,1,14.6,32.2,8.05,4.33,0.23,45.6,130.2,80.8,14.2,67.3,2.8,No Disease,0,2.5,1.39,159.81,100.0,80.2,50.6,Medium
F0689,Aquaculture,Tilapia,Telangana,7,20.1,30.8,8.18,4.03,0.21,68.6,179.5,94.4,71.0,62.7,2.7,No Disease,0,3.2,1.29,180.63,100.0,84.2,42.7,Medium
F0690,Livestock,Goat,Andhra Pradesh,5,21.7,,,,,58.9,52.8,73.7,96.4,94.4,2.1,No Disease,0,0.0,1.98,75.08,100.0,,80.5,High
F0691,Livestock,Buffalo,Tamil Nadu,6,6.1,,,,,61.5,19.1,87.8,134.2,58.0,3.8,No Disease,0,2.3,2.01,27.65,100.0,,47.6,Medium
F0692,Livestock,Sheep,Andhra Pradesh,2,5.8,,,,,49.4,44.6,77.1,146.5,83.3,3.5,No Disease,0,1.5,1.72,52.68,100.0,,65.9,High
F0693,Aquaculture,Rohu,Andhra Pradesh,5,3.0,27.6,7.88,5.0,0.54,86.0,56.4,62.2,119.1,78.7,2.3,White Spot Disease,1,13.9,1.98,59.04,89.7,93.9,100.0,High
F0694,Livestock,Sheep,Telangana,4,14.7,,,,,6.6,3.8,76.8,132.2,51.4,2.4,No Disease,0,3.4,2.15,6.36,100.0,,44.9,Medium
F0695,Livestock,Poultry,Andhra Pradesh,7,20.9,,,,,74.2,45.4,83.7,104.9,70.9,2.3,Mastitis,1,4.4,2.59,57.22,100.0,,75.6,High
F0696,Livestock,Goat,Karnataka,4,14.1,,,,,9.1,40.1,91.0,67.2,91.4,2.4,No Disease,0,0.3,2.46,57.31,100.0,,48.4,Medium
F0697,Aquaculture,Catla,West Bengal,4,1.0,25.8,7.25,5.56,0.2,122.1,161.0,90.3,61.7,63.3,2.5,No Disease,0,1.3,1.38,176.54,100.0,84.6,60.2,Medium
F0698,Livestock,Poultry,Andhra Pradesh,5,12.5,,,,,45.7,48.3,56.6,177.1,69.1,2.8,Parasitic Infection,1,6.2,2.59,80.5,100.0,,94.8,High
F0699,Livestock,Sheep,Telangana,7,8.1,,,,,37.6,34.4,57.5,125.3,47.8,4.0,Foot and Mouth Disease,1,14.0,2.33,41.32,93.8,,91.9,High
F0700,Aquaculture,Shrimp,Karnataka,5,2.9,28.5,7.8,3.98,0.19,98.0,161.2,64.2,52.5,91.7,4.5,White Spot Disease,1,12.0,2.04,174.15,91.7,97.8,100.0,High
F0701,Livestock,Poultry,Andhra Pradesh,5,23.6,,,,,36.3,19.4,83.2,165.4,66.2,2.3,No Disease,0,0.3,1.96,25.51,100.0,,45.9,Medium
F0702,Livestock,Poultry,Telangana,6,23.4,,,,,40.9,33.2,76.2,144.4,80.5,2.1,No Disease,0,0.8,1.91,48.39,100.0,,62.4,Medium
F0703,Aquaculture,Pangasius,Karnataka,1,14.1,21.8,8.05,6.72,0.27,87.6,61.1,80.2,119.7,85.6,4.2,No Disease,0,1.9,1.55,91.56,100.0,72.2,74.2,High
F0704,Livestock,Buffalo,Andhra Pradesh,2,10.9,,,,,27.2,31.1,92.3,143.1,96.0,2.0,Mastitis,1,4.7,2.55,33.27,100.0,,75.3,High
F0705,Aquaculture,Catla,Karnataka,1,14.8,27.9,7.9,5.18,0.15,162.4,224.1,55.5,159.5,66.7,2.1,No Disease,0,4.2,1.79,369.88,100.0,98.4,100.0,High
F0706,Aquaculture,Shrimp,Andhra Pradesh,1,22.2,28.0,8.4,6.72,0.11,47.8,136.5,92.4,38.4,73.3,4.3,No Disease,0,3.3,0.96,205.51,100.0,92.8,42.2,Medium
F0707,Livestock,Sheep,Karnataka,5,22.2,,,,,30.4,40.2,85.9,100.4,48.0,2.3,No Disease,0,0.6,1.72,55.06,100.0,,41.7,Medium
F0708,Livestock,Goat,West Bengal,2,16.5,,,,,50.3,3.8,60.1,56.1,68.5,2.1,No Disease,0,0.0,2.42,6.4,100.0,,72.5,High
F0709,Livestock,Buffalo,Karnataka,7,3.2,,,,,22.8,26.7,86.4,112.4,57.6,3.2,No Disease,0,2.0,1.81,30.13,100.0,,39.3,Medium
F0710,Livestock,Cattle,Telangana,3,23.7,,,,,10.8,22.6,93.7,21.3,61.5,3.9,No Disease,0,1.5,2.07,31.65,100.0,,29.0,Low
F0711,Aquaculture,Tilapia,Telangana,2,23.9,26.5,7.45,5.34,0.27,126.5,248.8,86.6,38.9,91.4,3.0,Early Mortality Syndrome,1,5.8,1.65,360.98,100.0,89.8,100.0,High
F0712,Livestock,Sheep,Andhra Pradesh,4,11.3,,,,,46.2,2.2,56.7,36.2,54.9,2.5,No Disease,0,1.9,2.5,2.88,100.0,,74.8,High
F0713,Aquaculture,Catla,West Bengal,1,11.0,27.9,7.91,5.58,0.2,61.0,171.5,61.5,166.2,79.3,2.8,Early Mortality Syndrome,1,6.2,2.07,205.26,100.0,98.3,100.0,High
F0714,Livestock,Buffalo,Karnataka,2,23.8,,,,,26.6,13.3,96.9,65.1,76.9,3.4,No Disease,0,2.5,1.93,14.99,100.0,,35.3,Medium
F0715,Livestock,Buffalo,Andhra Pradesh,7,5.6,,,,,25.3,42.2,65.9,64.1,55.1,4.1,No Disease,1,4.2,2.38,64.59,100.0,,80.4,High
F0716,Livestock,Sheep,West Bengal,2,21.1,,,,,17.7,8.2,94.0,179.6,53.7,1.9,No Disease,0,0.5,1.84,12.64,100.0,,30.4,Low
F0717,Aquaculture,Rohu,Telangana,7,23.2,26.3,7.67,6.96,0.23,119.4,65.2,83.2,123.3,95.1,2.4,No Disease,0,0.0,1.45,74.11,100.0,91.6,86.7,High
F0718,Livestock,Poultry,Karnataka,6,13.3,,,,,55.1,12.6,81.4,74.2,79.7,4.5,No Disease,1,4.1,2.08,13.41,100.0,,80.1,High
F0719,Livestock,Buffalo,Karnataka,1,13.9,,,,,50.8,43.5,87.8,47.3,47.4,1.8,No Disease,0,1.3,1.96,71.36,100.0,,44.9,Medium
F0720,Livestock,Goat,West Bengal,3,11.1,,,,,12.4,20.5,57.2,71.2,55.0,3.3,No Disease,0,2.6,1.91,23.65,100.0,,65.9,High
F0721,Livestock,Poultry,Tamil Nadu,3,9.7,,,,,77.1,12.8,70.1,103.1,91.0,4.3,No Disease,0,0.0,1.66,21.64,100.0,,86.0,High
F0722,Aquaculture,Catla,Telangana,2,6.0,29.2,7.47,6.24,0.09,53.9,90.5,76.5,41.7,78.3,2.5,No Disease,0,2.6,1.64,96.2,100.0,91.2,63.6,Medium
F0723,Livestock,Cattle,Karnataka,2,7.5,,,,,54.9,50.7,70.5,76.8,97.0,3.9,No Disease,0,1.0,1.64,76.11,100.0,,84.8,High
F0724,Aquaculture,Pangasius,Karnataka,7,9.3,31.1,7.67,6.25,0.42,134.4,97.3,62.3,104.5,75.8,3.8,No Disease,0,0.6,1.33,117.99,100.0,85.5,95.9,High
F0725,Aquaculture,Catla,Telangana,4,4.4,27.8,7.57,4.68,0.19,80.3,77.1,84.4,33.6,78.4,4.5,No Disease,0,3.7,1.4,134.6,100.0,96.4,62.4,Medium
F0726,Aquaculture,Pangasius,Andhra Pradesh,5,22.9,26.8,7.27,4.31,0.08,150.6,204.5,85.9,4.0,79.3,3.9,No Disease,0,2.7,1.65,214.71,100.0,88.8,79.2,High
F0727,Aquaculture,Tilapia,Telangana,3,5.7,28.1,7.35,5.39,0.11,157.0,161.6,82.3,97.4,94.9,4.3,No Disease,0,0.0,1.42,243.87,100.0,94.2,96.9,High
F0728,Aquaculture,Shrimp,Andhra Pradesh,1,11.0,28.4,8.28,4.07,0.5,120.0,122.9,83.3,9.1,76.2,2.7,No Disease,0,1.2,1.28,173.03,100.0,90.1,71.7,High
F0729,Aquaculture,Tilapia,West Bengal,4,3.5,27.4,8.05,4.56,0.12,47.7,206.3,97.3,148.3,78.9,2.7,No Disease,0,1.1,1.8,360.46,100.0,94.6,41.7,Medium
F0730,Livestock,Cattle,Telangana,5,15.1,,,,,55.7,15.4,89.0,106.4,57.2,3.1,No Disease,0,1.8,2.19,23.35,100.0,,44.9,Medium
F0731,Aquaculture,Tilapia,Tamil Nadu,5,18.6,26.0,8.91,6.11,0.27,175.8,165.9,87.9,15.1,61.9,3.8,No Disease,0,3.3,1.17,190.48,100.0,78.7,76.0,High
F0732,Aquaculture,Shrimp,Tamil Nadu,1,23.8,28.3,7.91,6.72,0.29,91.9,188.0,72.7,50.3,81.2,3.7,No Disease,0,3.6,1.59,322.69,100.0,97.5,79.2,High
F0733,Aquaculture,Tilapia,Andhra Pradesh,5,9.0,26.0,7.76,5.76,0.19,136.6,220.0,89.3,62.4,88.3,2.7,No Disease,0,1.8,1.51,311.63,100.0,91.5,79.5,High
F0734,Livestock,Buffalo,Karnataka,7,15.3,,,,,27.1,46.6,71.9,131.3,56.0,2.8,No Disease,0,1.3,2.33,72.69,100.0,,54.9,Medium
F0735,Livestock,Goat,Andhra Pradesh,2,13.7,,,,,17.9,26.4,90.8,3.5,50.9,4.5,No Disease,0,2.8,1.82,38.56,100.0,,33.7,Low
F0736,Aquaculture,Catla,Karnataka,6,13.7,27.2,7.04,5.51,0.14,75.1,96.8,75.3,4.8,59.0,3.7,No Disease,0,0.8,1.49,157.28,100.0,87.7,63.5,Medium
F0737,Livestock,Goat,Telangana,7,13.1,,,,,22.8,27.4,91.8,30.1,59.1,3.0,No Disease,0,1.3,1.81,41.0,100.0,,33.9,Low
F0738,Aquaculture,Rohu,Tamil Nadu,2,4.1,28.2,8.18,4.59,0.45,123.0,133.8,95.7,134.6,86.4,2.1,No Disease,0,1.8,1.49,162.68,100.0,93.4,68.2,High
F0739,Aquaculture,Tilapia,Telangana,2,23.2,31.0,8.32,5.03,0.2,178.8,117.1,60.6,174.5,97.3,2.5,No Disease,0,0.0,1.32,121.29,100.0,81.8,100.0,High
F0740,Livestock,Cattle,West Bengal,4,19.2,,,,,21.4,41.4,80.0,99.5,90.5,2.1,No Disease,0,0.9,2.15,64.67,100.0,,61.8,Medium
F0741,Aquaculture,Catla,Karnataka,3,15.2,27.8,7.59,6.76,0.34,84.3,131.3,90.0,171.7,64.9,2.6,No Disease,0,3.2,1.72,161.3,100.0,96.7,51.1,Medium
F0742,Livestock,Goat,West Bengal,3,2.4,,,,,79.6,25.2,82.4,159.4,67.4,3.9,No Disease,0,1.8,1.83,35.89,100.0,,57.5,Medium
F0743,Livestock,Poultry,Tamil Nadu,2,4.2,,,,,19.0,13.5,75.3,88.5,46.0,2.2,No Disease,0,3.0,1.48,21.9,100.0,,49.4,Medium
F0744,Aquaculture,Catla,West Bengal,7,16.9,31.2,7.87,4.7,0.21,59.7,216.3,80.3,157.3,88.9,3.7,No Disease,0,1.7,1.63,313.17,100.0,86.4,69.7,High
F0745,Aquaculture,Catla,Karnataka,5,1.0,29.1,8.12,7.36,0.15,136.4,137.9,75.5,116.1,79.0,3.6,No Disease,0,2.5,1.85,213.12,100.0,91.8,85.8,High
F0746,Livestock,Poultry,Andhra Pradesh,5,18.9,,,,,49.4,33.7,78.9,130.2,65.2,2.7,Mastitis,1,15.0,2.79,39.7,88.7,,73.4,High
F0747,Aquaculture,Pangasius,West Bengal,7,12.7,27.4,7.55,5.25,0.32,92.3,224.4,74.5,56.7,95.5,4.1,No Disease,0,1.1,1.54,327.3,100.0,94.6,89.0,High
F0748,Aquaculture,Shrimp,Telangana,7,22.4,22.8,7.41,5.21,0.25,106.2,134.1,89.8,61.3,71.7,3.9,No Disease,1,18.5,1.51,215.36,84.2,74.5,78.1,High
F0749,Aquaculture,Shrimp,West Bengal,6,5.5,29.8,7.8,4.08,0.13,71.9,92.9,64.2,163.1,93.7,2.3,No Disease,1,4.8,1.74,130.85,100.0,92.8,100.0,High
F0750,Livestock,Cattle,West Bengal,5,16.7,,,,,30.5,20.5,96.1,142.0,83.4,2.3,No Disease,0,1.1,2.16,21.66,100.0,,42.2,Medium
F0751,Livestock,Buffalo,West Bengal,1,4.4,,,,,32.3,28.1,92.0,23.5,62.3,3.4,No Disease,0,2.8,1.99,43.33,100.0,,36.1,Medium
F0752,Aquaculture,Shrimp,Telangana,3,24.9,27.9,8.54,5.38,0.16,146.2,63.9,79.4,146.6,88.0,4.0,No Disease,0,4.1,1.1,104.32,100.0,90.7,91.6,High
F0753,Livestock,Buffalo,Karnataka,4,18.9,,,,,24.2,19.2,88.0,77.0,88.4,3.9,No Disease,0,1.8,1.76,21.88,100.0,,52.8,Medium
F0754,Livestock,Buffalo,Tamil Nadu,2,8.5,,,,,65.6,53.9,55.5,173.9,70.1,4.0,No Disease,0,0.8,1.91,84.3,100.0,,81.0,High
F0755,Livestock,Cattle,Karnataka,3,2.8,,,,,49.2,16.7,66.1,87.9,79.6,2.1,No Disease,0,3.1,1.6,19.52,100.0,,73.9,High
F0756,Livestock,Sheep,Karnataka,4,13.3,,,,,40.2,25.1,60.9,123.8,97.6,2.9,No Disease,0,1.4,2.32,38.06,100.0,,91.2,High
F0757,Livestock,Cattle,Andhra Pradesh,1,6.1,,,,,33.4,3.5,86.3,149.6,51.6,2.2,No Disease,0,1.1,1.67,4.97,100.0,,42.1,Medium
F0758,Aquaculture,Rohu,Tamil Nadu,5,2.6,35.1,9.04,5.78,0.37,167.9,211.6,65.9,59.6,76.5,2.0,No Disease,0,3.1,1.12,299.26,100.0,56.7,100.0,High
F0759,Aquaculture,Shrimp,Tamil Nadu,1,23.3,27.4,8.01,4.56,0.1,59.5,136.7,83.6,141.5,85.6,2.4,No Disease,0,1.9,1.39,164.36,100.0,95.1,63.8,Medium
F0760,Aquaculture,Tilapia,West Bengal,7,2.2,24.5,7.4,4.11,0.2,53.7,139.8,86.0,126.3,74.4,3.3,No Disease,0,2.1,1.43,204.91,100.0,81.2,50.9,Medium
F0761,Livestock,Cattle,West Bengal,7,1.9,,,,,40.5,45.3,89.6,132.6,94.0,3.0,Mastitis,1,4.7,2.34,62.99,100.0,,79.7,High
F0762,Livestock,Sheep,West Bengal,3,23.8,,,,,60.8,3.4,83.0,37.9,81.9,2.6,No Disease,0,2.0,1.94,5.26,100.0,,61.7,Medium
F0763,Aquaculture,Shrimp,Tamil Nadu,1,19.8,26.3,7.43,6.31,0.06,165.8,249.5,87.4,174.7,88.8,4.4,No Disease,0,4.5,1.25,319.5,100.0,88.8,89.1,High
F0764,Livestock,Buffalo,Andhra Pradesh,3,5.7,,,,,7.6,46.6,86.1,173.5,94.3,3.9,No Disease,0,3.1,2.07,75.82,100.0,,55.2,Medium
F0765,Aquaculture,Shrimp,Telangana,2,6.1,27.5,7.38,7.06,0.33,135.6,213.6,60.7,118.8,79.7,2.1,Early Mortality Syndrome,1,9.1,1.69,218.25,100.0,93.0,100.0,High
F0766,Aquaculture,Catla,Andhra Pradesh,7,23.7,28.0,8.24,5.85,0.11,68.2,37.1,55.9,171.3,86.2,4.0,No Disease,0,3.3,1.65,47.1,100.0,94.7,94.1,High
F0767,Aquaculture,Tilapia,Andhra Pradesh,6,15.3,28.8,7.63,4.33,0.12,70.3,154.7,70.0,118.3,55.7,2.2,No Disease,0,2.0,1.45,185.0,100.0,94.8,67.6,High
F0768,Livestock,Poultry,Andhra Pradesh,7,6.4,,,,,35.7,32.4,60.8,4.7,53.1,3.5,No Disease,0,0.3,2.39,47.66,100.0,,68.1,High
F0769,Livestock,Poultry,Tamil Nadu,1,11.7,,,,,47.2,29.0,83.2,26.4,89.6,2.2,No Disease,0,2.4,2.03,35.09,100.0,,64.3,Medium
F0770,Aquaculture,Shrimp,West Bengal,5,7.8,28.6,7.08,4.7,0.14,170.4,53.6,82.2,106.7,60.2,2.8,No Disease,0,1.1,1.35,73.11,100.0,89.0,80.4,High
F0771,Aquaculture,Shrimp,West Bengal,2,7.0,28.6,8.47,4.43,0.2,107.8,140.8,85.2,174.6,73.7,3.0,No Disease,0,1.3,1.28,222.46,100.0,89.6,64.7,Medium
F0772,Aquaculture,Rohu,Karnataka,7,24.5,26.5,7.34,2.53,0.19,54.8,235.8,56.9,135.0,58.1,3.2,White Spot Disease,1,9.4,1.61,333.04,93.1,73.8,96.8,High
F0773,Aquaculture,Tilapia,Andhra Pradesh,3,13.5,24.3,7.69,6.84,0.24,113.0,85.7,65.7,136.6,60.1,2.9,Early Mortality Syndrome,1,12.0,2.1,101.09,97.6,83.9,100.0,High
F0774,Livestock,Goat,Tamil Nadu,1,3.6,,,,,9.5,58.4,75.0,166.8,45.5,2.5,No Disease,0,1.8,2.08,85.7,100.0,,47.4,Medium
F0775,Livestock,Poultry,Andhra Pradesh,7,3.3,,,,,58.4,6.0,76.3,85.1,61.5,4.2,No Disease,0,1.1,2.19,8.46,100.0,,58.3,Medium
F0776,Aquaculture,Rohu,Karnataka,6,6.6,27.9,7.87,6.82,0.22,151.0,73.6,95.0,156.1,55.8,2.3,No Disease,0,1.2,1.5,111.57,100.0,98.8,62.8,Medium
F0777,Aquaculture,Pangasius,Tamil Nadu,3,16.1,24.9,9.05,5.48,0.31,153.7,207.1,82.6,82.4,92.2,4.3,White Spot Disease,1,8.7,1.97,226.83,100.0,72.6,100.0,High
F0778,Livestock,Goat,Telangana,6,23.3,,,,,41.6,42.7,97.4,79.5,72.5,3.2,No Disease,0,1.8,1.85,48.82,100.0,,35.0,Low
F0779,Livestock,Goat,Telangana,1,11.2,,,,,48.7,10.7,91.0,159.0,69.7,2.4,No Disease,0,1.4,1.78,15.77,100.0,,41.2,Medium
F0780,Aquaculture,Rohu,Tamil Nadu,7,2.5,27.8,8.38,5.62,0.32,168.2,88.5,95.8,27.3,58.5,3.1,No Disease,0,2.8,1.59,103.33,100.0,92.2,66.3,High
F0781,Aquaculture,Rohu,Tamil Nadu,6,9.5,26.9,7.78,6.54,0.18,155.0,180.7,84.8,91.1,78.1,3.9,No Disease,0,2.3,1.25,287.36,100.0,95.4,80.4,High
F0782,Aquaculture,Pangasius,Telangana,7,6.7,26.2,8.19,5.91,0.38,153.9,21.0,76.6,126.9,61.7,3.6,White Spot Disease,1,19.6,1.74,23.45,78.9,88.1,100.0,High
F0783,Livestock,Sheep,West Bengal,4,21.2,,,,,66.4,34.7,77.6,130.3,46.0,3.7,No Disease,0,2.7,1.88,57.98,100.0,,59.0,Medium
F0784,Livestock,Cattle,Telangana,7,8.8,,,,,35.8,23.6,67.8,27.4,52.3,2.2,No Disease,0,1.6,2.13,39.92,100.0,,61.1,Medium
F0785,Livestock,Sheep,Tamil Nadu,1,7.2,,,,,78.7,48.8,85.5,121.9,76.1,3.7,No Disease,0,2.2,2.16,51.95,100.0,,59.1,Medium
F0786,Aquaculture,Tilapia,Telangana,5,21.3,30.0,7.62,5.82,0.46,159.9,37.4,74.9,178.1,88.1,4.4,No Disease,0,3.5,1.59,53.05,100.0,88.3,99.6,High
F0787,Aquaculture,Rohu,Karnataka,7,19.3,26.7,6.28,5.74,0.14,117.2,67.5,69.6,107.4,94.8,4.3,Parasitic Infection,1,12.9,1.9,98.32,94.0,76.6,100.0,High
F0788,Livestock,Poultry,Andhra Pradesh,7,20.3,,,,,44.5,55.7,56.4,139.2,47.8,1.9,Parasitic Infection,1,5.1,2.46,57.28,100.0,,94.7,High
F0789,Livestock,Sheep,Telangana,5,5.4,,,,,13.3,37.4,74.1,10.4,73.9,2.0,No Disease,0,1.1,1.82,50.3,100.0,,52.3,Medium
F0790,Aquaculture,Catla,Tamil Nadu,6,4.5,25.8,7.85,4.97,0.36,140.7,121.7,83.2,61.3,68.9,3.1,No Disease,0,0.3,1.15,208.75,100.0,90.6,72.0,High
F0791,Livestock,Cattle,Andhra Pradesh,3,24.8,,,,,17.7,29.4,96.8,67.0,64.7,2.3,No Disease,0,2.1,1.93,41.44,100.0,,27.6,Low
F0792,Livestock,Buffalo,West Bengal,3,22.9,,,,,45.8,31.9,84.7,14.0,87.7,2.2,No Disease,0,1.0,1.97,46.91,100.0,,60.9,Medium
F0793,Aquaculture,Shrimp,Andhra Pradesh,3,7.8,26.9,8.06,6.02,0.2,144.5,70.4,58.1,128.8,71.8,3.9,No Disease,0,4.4,1.39,121.21,100.0,92.5,99.5,High
F0794,Livestock,Poultry,Tamil Nadu,5,23.5,,,,,40.1,53.3,70.5,167.8,78.4,4.3,Foot and Mouth Disease,1,3.0,2.36,71.77,100.0,,86.2,High
F0795,Aquaculture,Pangasius,West Bengal,5,9.0,27.3,7.97,3.02,0.24,96.0,103.0,90.5,81.4,77.5,4.5,Bacterial Infection,1,7.6,1.88,153.39,100.0,85.4,79.5,High
F0796,Aquaculture,Pangasius,Telangana,4,13.0,30.4,6.96,4.62,0.16,98.3,101.3,77.6,107.9,79.4,3.6,No Disease,0,2.9,1.53,122.13,100.0,80.3,74.5,High
F0797,Aquaculture,Shrimp,Andhra Pradesh,5,4.1,31.0,7.73,5.76,0.55,88.6,63.0,70.0,122.4,66.3,3.1,No Disease,0,2.5,1.57,80.22,100.0,83.4,72.2,High
F0798,Aquaculture,Tilapia,Karnataka,2,3.8,26.5,7.79,2.82,0.14,149.1,101.6,97.2,32.5,80.4,2.2,No Disease,0,2.3,1.68,141.0,100.0,82.1,68.4,High
F0799,Aquaculture,Shrimp,West Bengal,7,7.0,26.8,7.47,4.96,0.2,147.5,216.2,88.5,113.6,77.1,3.8,No Disease,0,3.8,1.64,308.9,100.0,91.2,74.1,High
F0800,Aquaculture,Catla,Karnataka,5,7.6,30.0,6.95,4.36,0.31,102.1,94.9,57.4,150.0,56.9,3.6,White Spot Disease,1,13.7,2.13,118.83,88.2,81.8,100.0,High
F0801,Aquaculture,Tilapia,West Bengal,5,1.7,25.3,7.4,4.44,0.12,163.5,238.6,85.8,88.7,82.5,3.0,No Disease,0,1.5,1.3,410.22,100.0,84.4,85.1,High
F0802,Livestock,Goat,Telangana,2,22.0,,,,,56.3,14.6,97.3,151.5,86.8,2.7,No Disease,0,1.7,1.71,21.23,100.0,,50.2,Medium
F0803,Aquaculture,Catla,Telangana,7,20.9,28.5,7.68,5.77,0.17,96.7,220.7,77.6,4.0,85.8,2.3,No Disease,0,3.8,1.32,389.18,100.0,96.6,79.2,High
F0804,Aquaculture,Rohu,Karnataka,1,10.6,30.7,7.63,5.68,0.48,77.7,85.3,60.3,165.9,62.4,3.4,No Disease,0,4.0,1.24,111.8,100.0,85.2,79.1,High
F0805,Livestock,Sheep,Telangana,2,7.0,,,,,9.2,25.7,57.3,99.1,61.3,3.2,No Disease,0,1.0,1.73,36.74,100.0,,65.0,Medium
F0806,Livestock,Poultry,Telangana,6,9.6,,,,,25.6,42.5,61.6,19.4,73.3,3.3,No Disease,0,1.0,1.79,66.31,100.0,,67.4,High
F0807,Livestock,Cattle,Andhra Pradesh,4,8.2,,,,,30.3,40.0,94.8,44.6,90.3,4.3,No Disease,0,1.8,2.28,51.48,100.0,,49.0,Medium
F0808,Aquaculture,Catla,Andhra Pradesh,6,20.9,28.2,8.58,6.7,0.37,43.5,151.2,93.0,3.1,72.4,4.3,No Disease,0,1.9,1.65,213.4,100.0,89.8,39.8,Medium
F0809,Livestock,Buffalo,Tamil Nadu,5,8.4,,,,,6.3,29.8,91.9,161.3,95.7,4.2,No Disease,0,2.2,2.21,41.03,100.0,,50.2,Medium
F0810,Aquaculture,Shrimp,West Bengal,6,24.3,31.4,7.08,4.13,0.36,157.2,86.7,63.0,73.2,86.4,4.4,No Disease,0,0.0,1.54,144.13,100.0,77.8,100.0,High
F0811,Aquaculture,Catla,Andhra Pradesh,1,11.8,30.0,7.69,6.21,0.16,70.7,134.6,90.5,146.9,89.2,4.1,No Disease,0,3.5,1.44,166.57,100.0,90.7,62.5,Medium
F0812,Aquaculture,Pangasius,West Bengal,3,15.3,27.2,8.45,4.63,0.66,98.5,194.8,62.5,60.9,64.6,2.9,Bacterial Infection,1,12.7,1.91,251.6,91.4,82.5,100.0,High
F0813,Aquaculture,Rohu,Telangana,1,11.0,30.5,8.33,5.99,0.21,110.3,168.5,64.0,75.1,92.1,2.5,No Disease,0,1.3,1.31,199.88,100.0,83.6,100.0,High
F0814,Livestock,Goat,Karnataka,1,23.6,,,,,62.3,3.3,77.6,45.1,51.1,4.2,No Disease,0,0.0,2.26,3.95,100.0,,58.0,Medium
F0815,Livestock,Buffalo,West Bengal,6,10.5,,,,,71.7,27.4,58.2,170.4,93.8,3.6,No Disease,0,1.6,1.81,30.47,100.0,,98.8,High
F0816,Aquaculture,Catla,West Bengal,1,13.3,29.7,7.35,4.99,0.53,110.9,27.5,58.0,46.4,78.4,3.8,No Disease,0,2.4,1.38,35.5,100.0,84.6,96.4,High
F0817,Aquaculture,Pangasius,Karnataka,3,6.3,27.2,7.82,4.39,0.17,75.0,143.2,80.0,163.6,71.6,4.3,No Disease,0,2.8,1.61,184.0,100.0,96.6,60.0,Medium
F0818,Aquaculture,Shrimp,Tamil Nadu,4,15.6,33.8,7.9,3.48,0.1,45.4,119.8,84.0,76.0,92.5,2.8,No Disease,1,4.9,1.94,171.21,100.0,70.4,85.4,High
F0819,Livestock,Poultry,West Bengal,5,17.7,,,,,63.2,27.0,69.3,74.0,77.0,4.5,No Disease,0,1.6,1.86,37.29,100.0,,72.1,High
F0820,Aquaculture,Pangasius,Telangana,4,20.1,30.5,9.35,6.41,0.27,63.8,92.7,93.2,100.9,80.1,3.2,No Disease,0,2.1,1.45,134.68,100.0,71.4,50.8,Medium
F0821,Aquaculture,Tilapia,Tamil Nadu,1,18.0,28.0,6.96,5.6,0.6,51.7,62.7,64.4,46.4,79.3,3.3,White Spot Disease,1,14.9,1.78,105.27,89.1,84.9,96.0,High
F0822,Livestock,Cattle,West Bengal,3,2.0,,,,,56.6,17.8,90.8,15.1,86.0,2.1,No Disease,0,0.0,1.95,25.84,100.0,,56.2,Medium
F0823,Livestock,Sheep,Karnataka,3,12.9,,,,,56.2,54.4,64.9,15.5,47.9,4.2,Parasitic Infection,1,5.2,2.5,72.24,100.0,,89.1,High
F0824,Aquaculture,Catla,West Bengal,1,15.8,27.8,7.82,5.13,0.43,144.1,52.2,83.8,42.5,73.9,2.0,No Disease,0,1.5,1.41,81.09,100.0,98.2,75.3,High
F0825,Livestock,Cattle,Karnataka,6,6.9,,,,,32.4,23.8,76.6,13.9,81.2,2.7,No Disease,0,1.7,2.25,38.25,100.0,,60.5,Medium
F0826,Livestock,Buffalo,West Bengal,2,4.1,,,,,46.6,9.3,74.2,102.6,77.1,2.8,No Disease,0,1.9,1.89,10.77,100.0,,63.1,Medium
F0827,Aquaculture,Catla,Andhra Pradesh,4,16.4,23.4,8.79,5.17,0.16,105.7,80.2,94.6,75.2,92.2,2.3,No Disease,0,0.6,1.41,108.5,100.0,69.7,69.6,High
F0828,Livestock,Goat,Tamil Nadu,2,18.1,,,,,20.5,43.3,86.9,89.7,92.6,4.4,No Disease,0,0.5,2.42,52.9,100.0,,56.3,Medium
F0829,Aquaculture,Catla,West Bengal,2,4.0,28.6,7.53,5.04,0.18,50.9,157.2,82.8,67.2,86.9,3.2,No Disease,0,2.7,1.44,242.89,100.0,94.4,63.4,Medium
F0830,Livestock,Goat,West Bengal,7,14.5,,,,,16.9,4.7,63.4,104.7,86.7,2.3,No Disease,0,1.5,2.01,5.78,100.0,,74.2,High
F0831,Aquaculture,Shrimp,West Bengal,4,15.5,29.3,7.49,4.91,0.25,134.3,117.4,77.0,38.5,78.7,4.4,Early Mortality Syndrome,1,6.4,1.65,152.97,100.0,91.1,100.0,High
F0832,Aquaculture,Catla,Telangana,7,5.6,27.9,7.67,4.63,0.19,126.1,248.9,62.6,98.4,60.1,4.3,No Disease,0,3.3,1.34,290.59,100.0,98.0,88.9,High
F0833,Aquaculture,Tilapia,West Bengal,3,14.0,30.6,7.67,6.23,0.19,165.0,63.0,81.6,165.1,74.9,2.3,No Disease,0,0.0,1.81,63.87,100.0,88.0,83.6,High
F0834,Livestock,Goat,Telangana,2,19.8,,,,,73.4,43.3,73.2,11.8,87.9,4.4,No Disease,0,0.0,2.2,61.81,100.0,,79.5,High
F0835,Aquaculture,Rohu,Tamil Nadu,6,6.6,28.3,8.15,5.2,0.14,131.5,212.8,95.3,57.1,61.7,2.2,No Disease,0,0.0,1.18,375.25,100.0,94.6,57.6,Medium
F0836,Livestock,Cattle,Andhra Pradesh,1,9.3,,,,,35.5,39.7,70.3,173.5,94.6,4.1,No Disease,0,3.2,2.06,59.05,100.0,,78.3,High
F0837,Aquaculture,Pangasius,West Bengal,2,11.4,29.3,8.23,4.11,0.48,150.0,227.1,64.4,112.6,71.9,4.5,No Disease,0,4.3,1.24,240.92,100.0,87.6,94.6,High
F0838,Aquaculture,Tilapia,Andhra Pradesh,7,17.8,25.9,8.05,5.96,0.16,122.1,200.0,87.1,9.1,93.4,2.6,No Disease,0,1.0,1.45,349.96,100.0,88.6,82.1,High
F0839,Livestock,Buffalo,Telangana,3,16.1,,,,,67.6,3.9,66.5,84.5,49.1,3.7,No Disease,0,2.3,2.13,4.98,100.0,,70.4,High
F0840,Aquaculture,Shrimp,Andhra Pradesh,2,18.4,28.6,7.51,5.6,0.16,177.1,142.4,64.2,112.6,77.1,3.3,No Disease,0,2.4,1.46,236.48,100.0,94.1,100.0,High
F0841,Aquaculture,Pangasius,Karnataka,6,12.2,29.2,7.22,5.06,0.76,45.7,170.9,91.2,129.7,90.7,2.5,No Disease,0,2.3,1.54,202.54,100.0,79.2,56.8,Medium
F0842,Livestock,Poultry,Telangana,3,20.1,,,,,52.4,32.3,68.7,26.0,74.3,2.6,No Disease,0,0.0,1.98,34.94,100.0,,67.8,High
F0843,Aquaculture,Catla,Telangana,6,17.5,30.1,7.35,4.22,0.13,83.4,192.0,78.9,158.9,68.2,3.7,No Disease,0,1.4,1.0,246.63,100.0,86.2,62.0,Medium
F0844,Aquaculture,Tilapia,Tamil Nadu,1,12.3,25.8,7.74,4.1,0.31,50.7,172.7,94.2,82.9,56.8,4.2,No Disease,1,2.8,1.57,247.69,100.0,90.5,58.5,Medium
F0845,Aquaculture,Catla,Telangana,5,14.2,30.2,8.06,5.15,0.23,174.3,238.3,55.5,36.3,97.7,3.2,No Disease,0,1.6,1.51,274.45,100.0,88.1,100.0,High
F0846,Aquaculture,Catla,Karnataka,2,3.1,26.5,8.46,6.51,0.1,167.4,201.9,79.2,13.7,83.1,3.3,No Disease,0,0.3,1.16,310.51,100.0,86.1,93.1,High
F0847,Livestock,Buffalo,Karnataka,6,10.4,,,,,51.1,43.9,86.1,146.7,90.2,2.0,No Disease,0,0.1,2.0,60.88,100.0,,62.8,Medium
F0848,Livestock,Poultry,Andhra Pradesh,6,8.0,,,,,7.0,5.4,91.8,172.9,81.5,2.8,No Disease,0,0.9,2.33,7.21,100.0,,39.2,Medium
F0849,Aquaculture,Shrimp,Karnataka,6,21.5,31.3,7.11,3.37,0.29,154.1,86.7,97.6,146.9,85.4,2.2,No Disease,0,1.2,1.2,105.33,100.0,72.2,73.2,High
F0850,Livestock,Sheep,Tamil Nadu,1,17.1,,,,,64.2,28.5,63.8,37.5,53.0,3.3,No Disease,0,2.3,2.41,38.25,100.0,,72.3,High
F0851,Aquaculture,Shrimp,Telangana,5,5.5,30.5,8.21,4.54,0.19,95.2,196.3,95.4,76.9,88.3,3.2,No Disease,0,1.1,1.56,244.22,100.0,85.1,63.0,Medium
F0852,Livestock,Cattle,Tamil Nadu,1,2.2,,,,,25.0,15.5,77.1,57.9,53.2,3.0,No Disease,0,1.0,1.89,21.75,100.0,,49.2,Medium
F0853,Aquaculture,Catla,Karnataka,1,21.2,24.7,7.57,4.22,0.27,80.4,67.8,72.1,20.0,56.4,3.6,No Disease,0,0.8,1.51,83.59,100.0,84.0,68.0,High
F0854,Aquaculture,Rohu,Telangana,1,13.9,26.5,7.25,5.29,0.32,152.2,80.9,64.0,141.1,84.5,3.7,No Disease,0,0.6,1.62,103.73,100.0,87.4,100.0,High
F0855,Aquaculture,Rohu,Karnataka,4,14.6,23.2,6.94,5.59,0.32,142.4,126.5,68.9,109.6,92.7,4.2,Bacterial Infection,1,11.9,1.79,195.11,94.2,70.5,100.0,High
F0856,Aquaculture,Rohu,Tamil Nadu,1,10.5,29.3,8.14,2.84,0.12,165.6,86.3,65.7,169.1,89.8,4.1,White Spot Disease,1,6.7,1.94,136.64,95.9,79.1,100.0,High
F0857,Aquaculture,Catla,Andhra Pradesh,1,22.9,26.7,8.37,3.34,0.23,123.6,185.0,74.2,157.2,77.2,2.4,No Disease,0,1.8,1.56,244.62,100.0,81.4,82.5,High
F0858,Aquaculture,Rohu,Telangana,3,15.1,25.3,7.32,5.6,0.12,62.7,246.7,75.0,107.5,61.9,2.7,No Disease,0,0.9,1.61,375.68,100.0,83.4,60.7,Medium
F0859,Livestock,Buffalo,Tamil Nadu,5,6.6,,,,,58.1,38.1,76.3,53.8,51.3,2.9,No Disease,0,1.0,1.98,53.81,100.0,,58.2,Medium
F0860,Aquaculture,Pangasius,Tamil Nadu,7,2.2,29.1,8.46,4.67,0.25,131.5,59.5,95.0,123.4,85.4,2.6,No Disease,0,1.3,1.57,95.46,100.0,87.7,70.2,High
F0861,Livestock,Sheep,Karnataka,7,17.0,,,,,61.9,47.5,94.7,67.7,71.8,2.8,No Disease,0,0.0,1.64,71.2,100.0,,42.2,Medium
F0862,Aquaculture,Pangasius,Andhra Pradesh,6,22.2,28.5,7.69,3.77,0.2,52.1,115.8,81.6,119.8,96.4,2.4,No Disease,0,3.5,1.43,180.14,100.0,94.4,72.5,High
F0863,Livestock,Cattle,Andhra Pradesh,3,23.0,,,,,9.8,9.9,62.8,113.8,77.6,3.3,No Disease,0,1.8,1.95,16.69,100.0,,65.7,High
F0864,Livestock,Poultry,West Bengal,3,15.8,,,,,12.4,41.6,65.9,70.6,79.2,3.0,No Disease,0,0.1,1.95,65.22,100.0,,64.6,Medium
F0865,Livestock,Buffalo,Tamil Nadu,4,18.6,,,,,71.0,9.6,60.3,88.9,59.6,3.3,No Disease,0,1.8,1.93,15.55,100.0,,77.4,High
F0866,Aquaculture,Pangasius,Karnataka,5,7.2,31.8,8.18,6.68,0.14,139.8,235.1,57.8,34.6,57.9,4.2,No Disease,0,1.7,1.38,291.1,100.0,80.2,97.2,High
F0867,Aquaculture,Pangasius,Andhra Pradesh,3,2.0,28.5,7.71,3.55,0.25,136.4,225.1,82.2,62.5,75.8,3.9,White Spot Disease,1,20.4,1.65,286.18,75.4,92.4,96.5,High
F0868,Livestock,Goat,Tamil Nadu,1,3.0,,,,,63.0,10.7,74.1,31.8,80.1,2.2,Foot and Mouth Disease,1,6.1,2.74,10.88,100.0,,89.7,High
F0869,Aquaculture,Tilapia,West Bengal,5,22.2,31.5,7.66,5.21,0.32,46.2,30.9,94.0,157.2,74.7,2.4,No Disease,0,4.6,1.31,39.64,100.0,84.3,41.3,Medium
F0870,Livestock,Goat,West Bengal,5,7.6,,,,,42.7,20.2,62.8,135.0,55.8,3.7,No Disease,0,1.5,1.86,32.28,100.0,,67.9,High
F0871,Aquaculture,Tilapia,Tamil Nadu,6,7.3,29.8,7.96,4.08,0.17,77.1,70.9,63.4,23.5,95.2,2.4,White Spot Disease,1,9.0,1.83,118.34,97.8,90.9,100.0,High
F0872,Livestock,Poultry,Telangana,3,4.2,,,,,51.4,37.9,56.6,52.3,66.9,3.3,No Disease,0,1.5,1.98,51.0,100.0,,76.2,High
F0873,Livestock,Poultry,Telangana,6,17.3,,,,,7.4,23.5,62.4,45.4,91.5,3.0,Respiratory Infection,1,5.2,2.29,32.49,100.0,,96.6,High
F0874,Aquaculture,Catla,Karnataka,7,7.4,27.4,7.69,4.31,0.17,172.4,39.4,64.1,14.5,97.2,4.3,No Disease,0,1.1,1.34,53.36,100.0,96.3,100.0,High
F0875,Livestock,Buffalo,Andhra Pradesh,6,9.5,,,,,33.6,43.7,93.0,0.9,94.5,3.2,No Disease,0,2.8,1.97,49.13,100.0,,55.0,Medium
F0876,Aquaculture,Shrimp,Karnataka,1,24.0,23.5,8.11,5.92,0.15,113.1,139.7,58.2,92.2,90.4,4.4,Bacterial Infection,1,14.3,1.83,223.66,90.2,78.3,100.0,High
F0877,Livestock,Sheep,Andhra Pradesh,1,24.7,,,,,40.4,3.7,96.9,40.0,70.1,2.0,No Disease,0,0.4,1.6,6.26,100.0,,33.3,Low
F0878,Livestock,Cattle,Telangana,7,2.6,,,,,51.7,4.2,90.3,19.1,66.4,3.3,No Disease,0,0.5,2.11,4.95,100.0,,42.6,Medium
F0879,Aquaculture,Catla,Andhra Pradesh,2,19.2,28.8,8.61,6.4,0.19,121.8,109.8,59.7,161.2,56.5,4.2,No Disease,0,4.3,1.52,176.35,100.0,87.1,90.8,High
F0880,Aquaculture,Shrimp,Tamil Nadu,6,11.0,30.7,7.56,6.27,0.2,175.2,120.2,79.1,113.2,95.2,2.6,No Disease,0,3.3,1.5,153.99,100.0,86.3,100.0,High
F0881,Aquaculture,Pangasius,Karnataka,3,24.5,28.2,7.43,4.38,0.16,178.7,194.1,91.0,103.0,92.5,3.6,No Disease,0,4.5,1.6,255.12,100.0,94.8,91.7,High
F0882,Livestock,Poultry,Tamil Nadu,3,10.6,,,,,26.6,10.8,77.7,107.0,75.1,2.1,No Disease,0,2.6,1.94,16.68,100.0,,53.0,Medium
F0883,Aquaculture,Rohu,Tamil Nadu,1,22.8,27.5,8.05,4.19,0.16,156.2,176.3,65.2,67.9,76.8,3.3,No Disease,0,1.8,1.61,281.57,100.0,95.0,99.3,High
F0884,Livestock,Poultry,Telangana,6,17.7,,,,,38.9,8.5,84.5,55.1,52.9,2.9,No Disease,0,1.2,1.99,9.29,100.0,,45.2,Medium
F0885,Livestock,Goat,Karnataka,7,15.6,,,,,71.6,58.6,79.0,101.8,60.8,3.4,No Disease,0,0.7,1.84,80.83,100.0,,58.9,Medium
F0886,Aquaculture,Tilapia,Andhra Pradesh,4,21.5,31.0,7.66,5.51,0.25,101.5,169.4,57.2,117.6,91.6,4.4,No Disease,0,0.0,1.84,245.81,100.0,86.3,100.0,High
F0887,Aquaculture,Catla,Tamil Nadu,3,19.7,28.9,8.16,4.6,0.2,93.5,211.7,70.0,6.2,66.8,4.5,No Disease,0,2.3,1.72,236.88,100.0,92.1,73.4,High
F0888,Livestock,Buffalo,Karnataka,4,13.1,,,,,22.0,58.6,97.8,13.6,94.6,2.6,No Disease,0,0.0,1.98,71.97,100.0,,47.4,Medium
F0889,Livestock,Cattle,Karnataka,4,3.6,,,,,65.3,51.9,70.5,58.5,72.4,1.9,No Disease,1,3.6,2.69,77.86,100.0,,87.7,High
F0890,Aquaculture,Tilapia,Karnataka,6,1.3,30.2,7.96,5.38,0.19,149.9,245.8,71.1,30.6,91.7,2.8,No Disease,0,4.3,1.33,316.88,100.0,89.3,100.0,High
F0891,Aquaculture,Pangasius,West Bengal,3,22.2,26.8,8.65,3.96,0.31,149.5,239.8,79.9,122.8,69.5,3.0,No Disease,0,3.8,1.55,272.73,100.0,84.6,77.5,High
F0892,Aquaculture,Pangasius,Andhra Pradesh,4,6.7,30.0,7.91,6.19,0.45,122.1,165.6,89.6,176.3,89.2,3.8,No Disease,0,3.3,1.59,196.22,100.0,89.4,76.3,High
F0893,Aquaculture,Rohu,Tamil Nadu,1,13.1,31.1,8.39,6.34,0.14,94.3,20.0,62.0,158.9,64.6,2.3,No Disease,0,2.6,1.51,33.54,100.0,80.5,81.6,High
F0894,Aquaculture,Pangasius,Tamil Nadu,1,14.4,27.4,7.75,4.88,0.25,173.1,203.2,63.3,51.8,97.3,2.9,No Disease,0,2.6,1.58,206.92,100.0,97.0,100.0,High
F0895,Livestock,Sheep,Andhra Pradesh,7,9.6,,,,,74.6,39.5,96.7,62.0,63.5,3.3,Parasitic Infection,1,9.0,2.66,49.04,100.0,,62.0,Medium
F0896,Livestock,Sheep,Karnataka,1,1.8,,,,,18.3,2.8,73.0,119.8,71.8,4.2,No Disease,0,0.0,1.84,2.99,100.0,,53.0,Medium
F0897,Livestock,Cattle,Andhra Pradesh,3,12.6,,,,,33.1,3.0,71.8,117.8,58.5,3.0,No Disease,0,0.0,1.56,3.19,100.0,,56.5,Medium
F0898,Livestock,Poultry,Telangana,7,21.3,,,,,22.8,26.9,60.3,82.2,52.1,3.2,No Disease,0,2.8,1.65,38.01,100.0,,65.4,High
F0899,Aquaculture,Shrimp,Telangana,3,10.0,27.5,8.21,6.73,0.16,41.4,97.8,68.0,156.3,77.8,2.9,No Disease,0,1.3,1.34,120.77,100.0,93.1,68.6,High
F0900,Aquaculture,Tilapia,Andhra Pradesh,5,18.2,29.1,7.76,6.68,0.37,88.3,174.1,66.1,44.1,85.7,3.3,No Disease,0,0.2,1.83,257.24,100.0,95.1,88.5,High
F0901,Aquaculture,Shrimp,Tamil Nadu,6,10.2,33.6,7.23,5.91,0.26,141.6,232.8,64.5,55.8,58.0,3.2,No Disease,0,0.2,1.42,297.26,100.0,70.8,90.9,High
F0902,Livestock,Sheep,West Bengal,4,13.6,,,,,58.9,11.1,94.6,115.9,59.4,2.1,No Disease,0,0.0,1.73,17.75,100.0,,40.1,Medium
F0903,Livestock,Sheep,Karnataka,5,1.0,,,,,35.0,6.8,88.0,30.4,45.9,4.1,No Disease,0,1.3,2.15,10.25,100.0,,40.8,Medium
F0904,Aquaculture,Tilapia,Telangana,7,18.1,28.7,7.84,5.52,0.25,82.3,27.1,62.1,71.1,68.6,2.2,No Disease,0,1.4,1.33,46.32,100.0,96.7,78.5,High
F0905,Aquaculture,Catla,Andhra Pradesh,2,3.9,26.2,7.77,5.3,0.41,169.4,151.6,58.0,99.5,79.8,2.5,No Disease,0,0.0,1.58,222.15,100.0,92.2,100.0,High
F0906,Livestock,Poultry,Telangana,1,14.9,,,,,29.0,17.9,72.5,173.2,72.7,3.3,No Disease,0,1.8,1.81,28.03,100.0,,56.9,Medium
F0907,Livestock,Sheep,Telangana,1,13.6,,,,,78.0,29.4,71.9,71.1,67.5,2.5,No Disease,0,2.7,2.02,40.25,100.0,,67.6,High
F0908,Aquaculture,Shrimp,Tamil Nadu,6,24.9,29.0,7.42,5.42,0.31,50.4,112.7,55.1,92.0,63.3,4.2,White Spot Disease,1,4.6,1.77,179.24,100.0,91.4,97.5,High
F0909,Aquaculture,Tilapia,Andhra Pradesh,5,10.1,26.7,7.58,6.28,0.15,63.1,140.6,66.6,149.3,55.3,2.6,No Disease,0,0.0,1.22,236.49,100.0,92.2,69.2,High
F0910,Livestock,Poultry,Andhra Pradesh,1,6.1,,,,,78.7,39.9,77.4,109.4,65.3,4.5,No Disease,0,1.0,1.64,45.9,100.0,,62.3,Medium
F0911,Aquaculture,Catla,Karnataka,3,12.6,28.3,7.09,5.56,0.08,72.5,31.0,79.6,60.5,62.8,2.8,No Disease,1,15.7,1.86,41.49,89.3,90.3,78.5,High
F0912,Aquaculture,Shrimp,Karnataka,5,12.4,32.4,7.77,3.55,0.33,60.4,159.4,76.0,17.3,72.0,3.3,No Disease,0,3.6,1.36,242.09,100.0,77.5,60.7,Medium
F0913,Aquaculture,Shrimp,Tamil Nadu,7,19.1,29.1,7.8,5.05,0.33,59.7,94.9,56.3,3.7,72.0,4.4,No Disease,0,1.8,1.45,111.26,100.0,95.6,80.2,High
F0914,Livestock,Buffalo,Karnataka,3,20.5,,,,,67.7,37.9,87.2,94.1,77.8,2.9,No Disease,0,3.0,2.22,58.73,100.0,,56.0,Medium
F0915,Livestock,Buffalo,Andhra Pradesh,2,14.8,,,,,30.6,3.7,72.0,167.5,78.2,2.0,Foot and Mouth Disease,1,8.4,2.02,5.11,98.4,,82.2,High
F0916,Livestock,Sheep,Karnataka,2,15.5,,,,,63.7,12.2,88.7,119.5,81.2,3.1,No Disease,1,11.2,2.58,12.85,97.1,,76.2,High
F0917,Livestock,Poultry,Telangana,5,23.1,,,,,59.8,48.5,82.9,58.3,94.1,3.0,Respiratory Infection,1,9.0,2.57,60.61,100.0,,91.3,High
F0918,Livestock,Poultry,Telangana,2,13.4,,,,,66.1,3.9,57.1,142.1,73.3,3.4,No Disease,0,4.6,2.01,6.17,100.0,,82.1,High
F0919,Livestock,Goat,West Bengal,7,6.8,,,,,19.8,7.4,58.2,150.4,68.2,1.8,No Disease,0,0.8,1.66,11.26,100.0,,66.8,High
F0920,Livestock,Buffalo,Andhra Pradesh,5,14.5,,,,,72.5,32.1,76.8,11.2,93.9,2.3,No Disease,0,1.6,1.63,37.51,100.0,,80.4,High
F0921,Aquaculture,Tilapia,Karnataka,7,17.4,29.6,7.34,5.0,0.15,174.9,112.1,70.6,126.6,62.7,2.9,No Disease,0,2.3,1.23,189.0,100.0,88.1,93.1,High
F0922,Aquaculture,Pangasius,Tamil Nadu,3,14.2,25.8,7.74,3.64,0.37,80.2,37.7,68.3,91.2,80.1,2.2,No Disease,0,3.9,1.48,48.02,100.0,86.9,79.8,High
F0923,Aquaculture,Rohu,Karnataka,2,3.6,31.2,7.83,5.32,0.61,130.7,113.5,77.8,91.3,85.5,3.0,Parasitic Infection,1,11.4,1.82,152.43,97.1,81.6,100.0,High
F0924,Aquaculture,Catla,Andhra Pradesh,6,23.8,27.3,8.05,5.41,0.29,162.0,69.2,80.6,16.8,63.7,2.8,No Disease,0,0.9,1.41,111.77,100.0,94.2,79.9,High
F0925,Aquaculture,Shrimp,Tamil Nadu,2,13.5,28.1,7.83,4.76,0.1,83.7,81.8,73.6,68.2,82.2,4.0,No Disease,0,3.8,1.67,140.77,100.0,99.2,77.1,High
F0926,Aquaculture,Catla,Andhra Pradesh,4,15.9,27.0,7.99,6.79,0.14,171.4,247.2,87.8,103.3,87.5,2.7,No Disease,0,3.7,1.34,415.6,100.0,93.7,89.1,High
F0927,Aquaculture,Tilapia,Telangana,3,2.7,29.4,7.71,4.78,0.37,62.0,123.3,70.3,122.8,96.6,2.9,No Disease,1,12.0,1.83,142.99,94.0,93.3,100.0,High
F0928,Livestock,Poultry,Telangana,3,8.6,,,,,76.8,49.7,83.4,29.3,83.9,3.8,No Disease,0,1.3,1.98,77.37,100.0,,66.9,High
F0929,Livestock,Sheep,Andhra Pradesh,3,15.8,,,,,60.7,29.7,71.1,66.4,55.3,3.0,No Disease,0,2.1,1.98,32.5,100.0,,64.1,Medium
F0930,Aquaculture,Shrimp,Telangana,7,8.4,28.3,8.0,5.58,0.29,140.0,140.6,66.7,153.8,75.7,3.6,Bacterial Infection,1,13.2,2.1,191.05,91.6,96.4,100.0,High
F0931,Aquaculture,Catla,Karnataka,2,6.1,24.1,7.9,5.02,0.63,81.3,204.4,85.0,168.7,62.1,3.6,No Disease,1,11.3,1.67,333.76,97.6,77.4,75.3,High
F0932,Livestock,Poultry,Telangana,7,9.1,,,,,5.6,19.2,67.1,160.2,96.3,2.0,No Disease,0,1.3,1.81,23.46,100.0,,75.3,High
F0933,Aquaculture,Tilapia,Telangana,7,8.7,28.7,7.64,5.92,0.3,102.9,225.6,92.2,78.9,71.4,4.3,No Disease,0,2.7,1.68,246.51,100.0,95.3,54.6,Medium
F0934,Aquaculture,Catla,Karnataka,3,19.8,29.4,7.99,6.78,0.13,146.0,63.7,69.3,19.6,80.9,4.0,No Disease,0,3.9,1.48,79.13,100.0,92.1,95.9,High
F0935,Livestock,Cattle,Andhra Pradesh,4,16.5,,,,,67.5,8.1,61.1,175.9,76.2,3.2,No Disease,0,1.6,1.8,11.34,100.0,,80.7,High
F0936,Aquaculture,Catla,Karnataka,5,9.5,28.0,7.55,5.14,0.16,170.6,185.5,58.3,40.4,84.0,4.2,No Disease,1,17.4,2.19,327.64,77.6,97.0,100.0,High
F0937,Livestock,Sheep,Andhra Pradesh,4,7.2,,,,,8.4,49.7,91.0,130.8,63.7,4.0,No Disease,0,2.9,2.19,73.24,100.0,,31.1,Low
F0938,Aquaculture,Catla,Tamil Nadu,3,1.8,27.8,8.08,5.48,0.09,152.2,129.2,82.7,90.0,82.1,2.3,White Spot Disease,1,5.6,1.65,192.78,100.0,95.8,100.0,High
F0939,Livestock,Buffalo,West Bengal,5,5.1,,,,,67.2,45.3,82.1,76.9,92.8,3.6,No Disease,0,1.9,1.55,54.04,100.0,,72.9,High
F0940,Livestock,Cattle,Karnataka,6,2.2,,,,,17.6,47.7,85.3,58.0,62.5,3.3,No Disease,0,0.3,1.87,79.06,100.0,,39.1,Medium
F0941,Livestock,Buffalo,Tamil Nadu,7,8.4,,,,,65.1,43.8,85.1,172.5,76.6,3.5,No Disease,0,0.9,1.67,48.32,100.0,,56.5,Medium
F0942,Aquaculture,Rohu,Tamil Nadu,5,7.5,31.3,8.05,6.18,0.19,126.1,180.3,67.7,98.8,82.3,3.5,No Disease,0,2.0,1.46,320.49,100.0,83.8,93.7,High
F0943,Livestock,Goat,Karnataka,3,8.3,,,,,37.5,57.9,71.8,72.1,80.3,4.0,No Disease,0,0.1,1.98,85.47,100.0,,65.8,High
F0944,Aquaculture,Shrimp,Tamil Nadu,6,13.6,26.7,7.54,4.3,0.52,104.0,54.2,72.4,18.6,77.9,2.2,No Disease,0,1.1,1.74,70.74,100.0,88.7,79.9,High
F0945,Aquaculture,Pangasius,Telangana,6,14.5,32.2,7.69,5.71,0.36,60.1,163.1,58.5,125.0,71.4,2.3,No Disease,0,1.6,1.44,233.21,100.0,81.9,77.6,High
F0946,Aquaculture,Tilapia,Telangana,3,15.5,31.4,7.96,4.31,0.26,121.6,160.7,86.3,137.0,88.1,3.7,No Disease,0,2.1,1.3,200.88,100.0,84.5,78.6,High
F0947,Aquaculture,Rohu,Karnataka,4,16.7,27.8,8.76,4.91,0.31,103.1,42.2,69.4,91.2,86.5,2.5,No Disease,0,1.5,1.02,70.43,100.0,87.7,89.6,High
F0948,Livestock,Buffalo,Tamil Nadu,4,18.9,,,,,72.4,12.3,67.6,99.2,61.9,2.9,No Disease,0,0.2,1.82,15.82,100.0,,70.5,High
F0949,Livestock,Poultry,Telangana,2,6.8,,,,,58.6,45.5,73.7,19.8,59.1,2.5,No Disease,0,1.8,2.0,55.0,100.0,,61.0,Medium
F0950,Aquaculture,Catla,Andhra Pradesh,6,15.0,33.1,8.37,5.37,0.28,124.2,193.2,73.6,98.5,57.7,2.2,No Disease,0,2.7,1.36,193.38,100.0,72.8,77.4,High
F0951,Aquaculture,Catla,Telangana,4,15.6,25.4,8.69,6.67,0.87,121.9,53.8,85.0,26.1,55.6,3.6,Parasitic Infection,1,9.0,2.18,68.96,100.0,67.2,85.5,High
F0952,Livestock,Poultry,Andhra Pradesh,4,11.5,,,,,72.9,13.6,97.6,1.3,59.0,2.3,No Disease,0,0.8,2.2,17.83,100.0,,40.6,Medium
F0953,Aquaculture,Rohu,Telangana,1,20.1,25.9,7.95,5.92,0.41,131.8,55.7,66.5,70.8,67.0,2.6,No Disease,0,0.0,1.51,96.61,100.0,89.5,86.4,High
F0954,Livestock,Sheep,West Bengal,6,9.1,,,,,8.4,11.4,56.3,131.9,58.2,2.8,No Disease,1,2.3,2.76,12.34,100.0,,85.8,High
F0955,Aquaculture,Catla,Andhra Pradesh,2,11.5,30.4,8.21,5.21,0.11,89.0,197.5,81.8,85.7,88.5,2.6,No Disease,0,2.4,1.52,261.97,100.0,85.5,75.2,High
F0956,Aquaculture,Catla,West Bengal,6,16.5,29.9,8.16,3.99,0.43,108.6,45.4,75.3,43.9,70.0,2.4,White Spot Disease,1,10.3,1.95,59.81,96.4,87.2,91.8,High
F0957,Livestock,Buffalo,Karnataka,6,10.7,,,,,18.4,19.1,97.0,66.8,46.2,2.2,No Disease,0,1.1,2.02,20.19,100.0,,27.6,Low
F0958,Aquaculture,Rohu,Telangana,1,23.7,33.1,7.72,5.12,0.51,107.4,93.3,88.6,123.5,74.4,3.0,White Spot Disease,1,0.0,1.96,152.72,100.0,75.9,81.8,High
F0959,Livestock,Poultry,West Bengal,3,9.2,,,,,9.9,24.5,61.3,41.4,77.8,2.0,No Disease,0,2.8,1.85,30.08,100.0,,67.4,High
F0960,Aquaculture,Catla,Telangana,7,12.5,30.0,7.65,4.38,0.32,122.8,225.2,85.1,26.8,92.3,2.8,No Disease,0,2.2,1.14,311.66,100.0,90.2,83.4,High
F0961,Aquaculture,Pangasius,West Bengal,3,23.4,26.0,7.34,6.79,0.42,110.8,179.7,62.4,153.5,61.0,3.0,Bacterial Infection,1,12.0,1.83,285.99,97.1,86.0,100.0,High
F0962,Aquaculture,Tilapia,Karnataka,1,12.8,31.9,7.38,5.07,0.2,137.3,202.2,63.2,131.7,96.1,4.3,No Disease,0,3.0,1.22,306.26,100.0,79.4,100.0,High
F0963,Livestock,Cattle,Telangana,7,11.8,,,,,76.4,19.1,65.6,108.3,51.9,3.4,No Disease,0,0.3,1.64,28.14,100.0,,73.5,High
F0964,Aquaculture,Pangasius,Tamil Nadu,4,2.3,26.1,7.16,5.67,0.16,174.4,167.4,81.5,99.6,58.8,3.8,No Disease,0,2.3,1.49,271.98,100.0,84.7,82.1,High
F0965,Aquaculture,Shrimp,West Bengal,2,4.8,27.7,7.31,5.21,0.66,91.6,44.3,86.5,57.8,66.4,3.6,No Disease,0,0.0,1.6,72.47,100.0,86.4,56.4,Medium
F0966,Aquaculture,Shrimp,Andhra Pradesh,1,9.9,25.8,8.09,4.51,0.46,132.1,48.6,76.8,3.4,71.8,2.2,No Disease,0,1.1,1.44,62.66,100.0,86.2,77.7,High
F0967,Aquaculture,Shrimp,West Bengal,6,15.6,30.9,7.99,4.45,0.17,125.2,208.1,65.7,167.8,94.9,2.5,Parasitic Infection,1,10.2,1.82,282.17,96.4,86.1,100.0,High
F0968,Livestock,Cattle,Karnataka,1,2.9,,,,,53.0,28.4,74.7,2.9,54.2,3.1,Respiratory Infection,1,4.2,2.38,47.45,100.0,,78.6,High
F0969,Livestock,Sheep,Telangana,3,22.8,,,,,5.9,5.6,89.6,50.8,83.3,2.2,No Disease,0,1.3,1.82,5.77,100.0,,42.5,Medium
F0970,Aquaculture,Shrimp,Telangana,1,19.6,28.0,7.26,6.67,1.27,119.7,24.3,85.6,128.2,60.0,3.4,No Disease,0,2.3,1.32,29.76,100.0,71.8,64.3,Medium
F0971,Livestock,Poultry,Tamil Nadu,1,16.4,,,,,31.3,53.3,96.1,171.0,82.0,3.2,No Disease,0,1.8,2.33,90.56,100.0,,41.3,Medium
F0972,Aquaculture,Catla,Karnataka,3,19.6,24.9,7.83,5.8,0.23,87.9,55.1,80.0,108.4,63.3,2.5,No Disease,0,1.8,1.67,74.27,100.0,87.2,62.0,Medium
F0973,Aquaculture,Rohu,Andhra Pradesh,6,9.2,26.9,7.67,5.53,0.2,101.0,50.3,69.6,92.6,91.6,3.6,White Spot Disease,1,6.7,1.77,80.7,100.0,94.0,100.0,High
F0974,Aquaculture,Catla,Karnataka,5,14.8,26.7,8.76,3.96,0.14,97.5,25.3,83.7,152.1,70.2,2.1,No Disease,0,1.5,1.29,40.25,100.0,82.9,60.8,Medium
F0975,Livestock,Poultry,Tamil Nadu,5,18.0,,,,,29.8,44.0,81.3,21.6,53.7,3.5,No Disease,0,1.0,1.77,44.62,100.0,,46.2,Medium
F0976,Livestock,Cattle,Tamil Nadu,5,20.8,,,,,37.9,37.7,64.9,100.0,87.8,2.5,No Disease,0,0.3,2.33,63.94,100.0,,78.8,High
F0977,Livestock,Sheep,Telangana,7,5.2,,,,,13.4,38.6,65.4,50.0,92.6,3.1,No Disease,0,3.7,1.75,47.21,100.0,,76.0,High
F0978,Livestock,Buffalo,Andhra Pradesh,1,16.1,,,,,24.9,15.1,96.2,82.6,56.0,3.7,No Disease,0,2.2,1.63,16.4,100.0,,30.0,Low
F0979,Livestock,Sheep,Tamil Nadu,4,1.2,,,,,66.2,17.5,77.1,119.2,74.2,2.5,No Disease,1,6.1,2.56,22.11,100.0,,82.8,High
F0980,Livestock,Buffalo,Andhra Pradesh,7,24.8,,,,,74.0,27.0,63.8,100.0,56.6,2.4,No Disease,0,3.1,2.34,43.6,100.0,,74.7,High
F0981,Livestock,Buffalo,West Bengal,3,10.8,,,,,74.2,15.7,78.2,28.6,71.3,2.0,No Disease,0,2.2,2.09,22.03,100.0,,61.4,Medium
F0982,Livestock,Sheep,Andhra Pradesh,3,4.9,,,,,8.4,57.5,96.0,50.3,83.8,3.4,No Disease,0,0.0,1.84,90.0,100.0,,37.1,Medium
F0983,Livestock,Sheep,Karnataka,7,10.2,,,,,28.8,32.5,88.6,138.4,63.8,3.7,No Disease,0,0.8,2.08,52.34,100.0,,38.6,Medium
F0984,Aquaculture,Catla,Karnataka,3,3.8,30.0,7.68,5.18,0.2,170.4,110.8,73.4,104.1,74.9,2.4,Bacterial Infection,1,7.5,1.58,182.49,99.3,90.6,100.0,High
F0985,Livestock,Cattle,Tamil Nadu,1,17.2,,,,,68.9,46.9,66.3,58.4,61.4,3.5,No Disease,0,1.1,2.29,64.22,100.0,,70.9,High
F0986,Livestock,Sheep,Karnataka,5,13.8,,,,,77.3,53.0,82.7,66.9,77.8,3.4,No Disease,0,0.0,2.45,62.78,100.0,,62.9,Medium
F0987,Livestock,Buffalo,Karnataka,4,20.1,,,,,53.8,35.1,85.3,57.6,94.0,2.1,No Disease,0,0.6,1.82,36.32,100.0,,67.4,High
F0988,Livestock,Cattle,Telangana,2,4.6,,,,,24.6,57.3,59.8,54.9,46.9,2.2,No Disease,0,2.0,1.78,87.44,100.0,,66.4,High
F0989,Livestock,Poultry,Andhra Pradesh,5,18.4,,,,,19.0,44.8,75.6,81.7,90.1,3.7,Foot and Mouth Disease,1,11.7,2.54,64.3,99.0,,85.2,High
F0990,Livestock,Buffalo,Tamil Nadu,6,13.1,,,,,49.6,31.6,55.2,99.9,94.4,2.7,No Disease,0,1.2,1.74,42.54,100.0,,96.7,High
F0991,Livestock,Poultry,Tamil Nadu,7,22.3,,,,,60.9,14.1,92.7,94.6,92.1,2.7,Respiratory Infection,1,9.3,2.2,23.55,100.0,,80.2,High
F0992,Livestock,Poultry,Telangana,1,20.1,,,,,62.9,50.9,85.6,91.4,78.2,3.7,No Disease,0,3.4,1.92,77.16,100.0,,56.7,Medium
F0993,Livestock,Sheep,Karnataka,5,22.3,,,,,76.7,59.6,94.4,15.3,62.7,4.4,No Disease,0,0.5,1.99,94.62,100.0,,44.8,Medium
F0994,Livestock,Poultry,Andhra Pradesh,5,17.8,,,,,46.8,41.7,60.9,44.1,55.2,2.4,No Disease,0,0.9,2.29,64.09,100.0,,70.8,High
F0995,Livestock,Sheep,Karnataka,7,11.8,,,,,70.2,52.4,57.7,152.3,77.2,2.8,No Disease,0,3.5,1.91,85.84,100.0,,85.6,High
F0996,Aquaculture,Rohu,Telangana,7,13.9,31.0,7.46,6.44,0.2,177.3,109.2,91.3,177.9,97.3,3.1,No Disease,0,1.9,1.09,126.72,100.0,83.9,94.9,High
F0997,Aquaculture,Pangasius,Andhra Pradesh,6,15.0,31.7,7.08,4.87,0.17,98.5,56.7,76.8,15.3,57.0,3.3,No Disease,0,3.2,1.42,89.55,100.0,76.6,67.8,High
F0998,Livestock,Poultry,West Bengal,7,2.0,,,,,62.2,37.3,70.7,32.7,81.4,4.5,No Disease,0,0.0,1.63,50.48,100.0,,74.0,High
F0999,Livestock,Sheep,West Bengal,5,11.4,,,,,75.7,59.1,59.1,60.3,51.1,4.1,No Disease,0,0.5,2.29,64.79,100.0,,79.8,High
F1000,Aquaculture,Pangasius,Karnataka,6,3.0,32.3,7.53,5.88,0.46,142.4,206.7,88.7,122.8,73.9,4.5,No Disease,0,3.5,1.25,359.61,100.0,78.1,70.0,High
F1001,Livestock,Sheep,Tamil Nadu,4,4.9,,,,,73.6,18.0,71.2,118.8,62.5,4.2,Mastitis,1,4.7,2.37,18.83,100.0,,87.2,High
F1002,Aquaculture,Pangasius,Karnataka,3,14.2,31.6,7.24,4.47,0.16,120.5,148.9,88.1,136.4,83.8,3.1,No Disease,0,1.8,1.4,217.02,100.0,78.9,73.1,High
F1003,Aquaculture,Pangasius,Tamil Nadu,3,17.3,28.3,7.05,6.27,0.35,71.9,58.4,55.8,41.1,56.0,2.9,Bacterial Infection,1,6.5,1.76,77.08,100.0,89.8,100.0,High
F1004,Aquaculture,Pangasius,West Bengal,6,23.2,29.7,8.14,4.53,0.18,122.6,190.4,68.7,18.8,85.8,2.7,White Spot Disease,1,13.8,1.5,244.99,89.7,89.1,100.0,High
F1005,Aquaculture,Tilapia,West Bengal,1,11.2,26.2,7.94,4.19,0.27,69.6,59.6,57.9,120.8,74.9,4.1,White Spot Disease,1,14.7,1.66,74.18,85.9,91.1,100.0,High
F1006,Aquaculture,Pangasius,Telangana,7,23.8,24.1,7.72,4.16,0.27,173.0,217.8,61.7,31.0,77.0,3.9,White Spot Disease,1,18.5,1.88,260.38,73.6,83.4,100.0,High
F1007,Livestock,Sheep,West Bengal,6,3.0,,,,,24.8,7.1,75.4,154.2,74.3,1.9,No Disease,0,1.4,2.2,8.95,100.0,,54.2,Medium
F1008,Aquaculture,Shrimp,Karnataka,4,20.1,29.8,8.46,4.75,0.2,161.8,116.5,83.1,90.7,86.3,3.2,No Disease,0,1.8,1.66,136.39,100.0,84.9,90.4,High
F1009,Livestock,Sheep,Karnataka,1,16.8,,,,,53.8,46.0,68.9,143.6,63.0,2.5,No Disease,0,1.2,2.1,48.74,100.0,,64.6,Medium
F1010,Livestock,Sheep,Andhra Pradesh,3,3.9,,,,,46.2,45.2,72.6,179.9,60.8,4.4,No Disease,0,2.4,2.15,56.07,100.0,,59.0,Medium
F1011,Aquaculture,Pangasius,West Bengal,5,23.6,30.0,8.16,5.74,0.21,148.1,233.1,57.7,113.0,61.2,3.3,White Spot Disease,1,6.4,1.75,293.3,100.0,87.7,100.0,High
F1012,Aquaculture,Shrimp,Tamil Nadu,2,14.6,26.1,8.04,5.32,0.17,129.0,51.1,75.4,55.0,95.0,2.5,No Disease,0,2.0,1.4,55.17,100.0,89.5,96.8,High
F1013,Livestock,Buffalo,Karnataka,4,20.8,,,,,62.2,32.4,55.6,132.5,83.8,2.2,Respiratory Infection,1,7.2,2.22,40.92,98.5,,100.0,High
F1014,Aquaculture,Catla,Andhra Pradesh,1,18.0,28.7,7.82,4.59,0.27,47.1,223.1,91.2,62.3,81.6,3.2,No Disease,0,1.9,1.47,371.42,100.0,97.0,49.9,Medium
F1015,Aquaculture,Pangasius,Tamil Nadu,6,19.4,32.1,8.23,4.69,0.12,123.8,106.0,71.1,24.0,95.5,3.9,Parasitic Infection,1,15.9,1.51,144.39,86.1,78.4,100.0,High
F1016,Livestock,Cattle,West Bengal,4,23.8,,,,,78.2,16.0,85.9,25.8,62.4,3.0,No Disease,0,3.4,2.17,16.7,100.0,,53.6,Medium
F1017,Livestock,Goat,West Bengal,6,16.2,,,,,76.2,21.1,84.8,154.8,65.2,4.4,No Disease,0,1.9,1.86,34.83,100.0,,54.2,Medium
F1018,Aquaculture,Catla,Karnataka,5,24.9,28.4,8.23,3.58,0.32,125.1,152.5,72.1,178.3,92.9,3.9,No Disease,0,1.1,1.28,246.92,100.0,89.0,97.5,High
F1019,Livestock,Buffalo,Karnataka,1,6.2,,,,,43.1,39.5,77.2,160.1,97.4,2.1,Mastitis,1,3.4,2.82,59.78,100.0,,95.5,High
F1020,Aquaculture,Shrimp,Karnataka,3,23.9,32.6,8.92,5.02,0.16,116.4,126.3,93.7,163.2,90.3,2.9,No Disease,0,0.9,1.24,133.47,100.0,68.2,71.6,High
F1021,Aquaculture,Shrimp,Andhra Pradesh,2,14.1,29.3,8.33,5.51,0.51,40.7,29.5,97.1,26.1,72.4,4.3,No Disease,0,0.6,1.24,50.81,100.0,85.7,35.0,Low
F1022,Aquaculture,Shrimp,Karnataka,5,18.4,31.1,7.22,2.8,0.12,159.8,31.5,92.9,153.4,76.8,3.2,No Disease,1,11.0,1.63,48.68,91.2,68.6,92.5,High
F1023,Livestock,Goat,Karnataka,5,13.0,,,,,13.8,23.7,61.0,158.6,84.7,3.8,No Disease,0,0.6,1.9,35.73,100.0,,74.2,High
F1024,Livestock,Goat,West Bengal,4,24.9,,,,,39.4,9.8,68.5,57.6,82.1,2.1,No Disease,0,2.4,2.31,14.93,100.0,,71.0,High
F1025,Livestock,Poultry,West Bengal,1,1.2,,,,,64.5,44.8,94.8,10.6,45.6,3.7,No Disease,0,1.8,1.81,55.0,100.0,,41.3,Medium
F1026,Livestock,Cattle,West Bengal,6,12.6,,,,,44.8,55.5,63.9,108.8,66.4,3.9,No Disease,0,0.2,1.86,79.12,100.0,,67.3,High
F1027,Livestock,Cattle,West Bengal,6,16.1,,,,,77.0,44.5,59.8,38.2,96.7,3.8,No Disease,0,2.4,2.25,53.68,100.0,,100.0,High
F1028,Aquaculture,Tilapia,Tamil Nadu,5,5.2,33.3,7.92,4.72,0.25,49.2,108.3,87.2,164.4,56.3,2.9,No Disease,0,1.4,1.54,169.89,100.0,77.4,45.1,Medium
F1029,Aquaculture,Pangasius,Karnataka,3,21.4,30.7,8.0,5.75,0.55,174.6,64.1,95.6,72.3,77.7,2.3,No Disease,0,1.9,1.5,114.93,100.0,83.0,74.2,High
F1030,Aquaculture,Shrimp,Tamil Nadu,4,7.1,26.8,7.96,4.85,0.58,159.8,190.0,71.2,162.6,67.2,4.4,No Disease,0,2.4,1.48,194.37,100.0,88.8,88.8,High
F1031,Aquaculture,Shrimp,Andhra Pradesh,3,5.8,24.1,7.96,4.85,0.61,135.0,216.0,78.0,60.5,88.1,2.7,No Disease,0,1.8,1.36,381.29,100.0,77.2,90.2,High
F1032,Livestock,Poultry,Andhra Pradesh,7,22.9,,,,,31.5,21.6,87.7,79.9,86.3,3.8,No Disease,0,2.0,1.83,25.3,100.0,,53.2,Medium
F1033,Aquaculture,Rohu,Andhra Pradesh,2,8.1,29.7,7.89,6.2,0.25,103.6,83.8,94.4,69.8,76.6,2.8,No Disease,0,2.8,1.33,87.19,100.0,92.1,56.8,Medium
F1034,Livestock,Sheep,West Bengal,1,18.0,,,,,12.8,51.7,77.5,138.9,51.7,4.2,No Disease,0,0.4,1.78,86.07,100.0,,45.7,Medium
F1035,Aquaculture,Shrimp,Tamil Nadu,2,11.7,30.1,8.04,6.56,0.32,144.9,151.5,68.4,134.2,63.9,3.9,No Disease,0,0.0,1.43,163.59,100.0,88.7,87.8,High
F1036,Livestock,Goat,Telangana,4,24.5,,,,,15.8,56.2,97.5,78.0,76.5,3.9,No Disease,0,3.2,2.18,91.22,100.0,,31.6,Low
F1037,Livestock,Goat,Karnataka,6,12.8,,,,,67.3,26.8,73.2,45.6,88.4,4.5,Mastitis,1,7.8,2.74,44.8,100.0,,98.3,High
F1038,Aquaculture,Shrimp,Karnataka,5,18.0,25.1,7.67,5.45,0.23,59.7,242.8,76.7,82.2,62.5,3.7,No Disease,0,1.7,1.43,343.67,100.0,86.8,58.2,Medium
F1039,Aquaculture,Pangasius,Tamil Nadu,7,4.3,28.3,8.31,5.77,0.23,75.0,236.6,96.0,158.8,79.2,3.6,No Disease,0,2.1,1.45,366.38,100.0,92.7,50.1,Medium
F1040,Aquaculture,Catla,Telangana,7,17.8,31.3,7.54,4.51,0.09,78.5,153.3,57.5,26.9,87.1,2.5,No Disease,0,1.8,1.29,156.13,100.0,83.7,95.8,High
F1041,Aquaculture,Catla,Telangana,6,8.3,23.1,7.74,5.56,0.14,133.3,174.0,64.5,107.2,93.9,2.9,Parasitic Infection,1,7.5,1.67,188.01,100.0,79.7,100.0,High
F1042,Livestock,Cattle,Telangana,3,23.8,,,,,43.5,36.1,71.0,120.6,67.9,3.9,No Disease,0,1.5,2.38,38.92,100.0,,59.9,Medium
F1043,Aquaculture,Catla,Andhra Pradesh,6,14.8,26.6,8.16,7.1,0.16,62.2,189.6,84.7,97.8,79.3,2.3,No Disease,0,2.9,1.4,276.75,100.0,90.1,58.3,Medium
F1044,Aquaculture,Pangasius,Andhra Pradesh,4,13.2,31.2,7.4,4.71,0.25,126.4,114.6,94.6,89.9,85.5,2.5,No Disease,0,4.9,1.35,123.32,100.0,82.4,69.4,High
F1045,Livestock,Goat,Telangana,2,22.2,,,,,19.9,39.1,82.7,28.9,57.6,3.0,No Disease,0,0.4,2.01,53.26,100.0,,42.3,Medium
F1046,Aquaculture,Pangasius,Tamil Nadu,4,7.7,25.6,7.98,4.1,0.34,97.7,59.2,55.9,38.1,78.1,3.2,No Disease,0,3.7,1.64,76.15,100.0,88.2,95.0,High
F1047,Aquaculture,Tilapia,Karnataka,5,10.3,28.5,6.9,3.86,0.13,74.6,114.1,83.4,40.0,96.5,2.3,No Disease,0,2.9,1.62,193.07,100.0,85.8,76.4,High
F1048,Aquaculture,Rohu,Telangana,6,2.5,30.6,6.73,5.12,0.26,160.2,56.1,92.2,56.0,69.1,2.2,No Disease,0,4.2,1.68,68.72,100.0,76.8,67.8,High
F1049,Aquaculture,Rohu,West Bengal,7,2.2,26.9,7.07,5.39,0.41,170.8,99.5,84.1,36.8,81.6,2.3,No Disease,1,13.5,1.82,126.07,89.0,86.6,100.0,High
F1050,Aquaculture,Pangasius,West Bengal,1,7.1,29.9,7.86,4.2,0.19,111.5,136.2,60.9,36.3,72.6,3.0,No Disease,0,2.0,1.57,244.62,100.0,91.7,89.1,High
F1051,Livestock,Goat,Tamil Nadu,1,12.7,,,,,9.5,7.4,83.2,90.9,46.6,4.4,No Disease,0,0.3,2.35,11.04,100.0,,39.2,Medium
F1052,Aquaculture,Tilapia,West Bengal,5,7.4,28.1,8.39,4.47,0.36,156.0,232.5,82.3,19.1,93.5,4.0,No Disease,0,1.4,1.51,273.86,100.0,92.5,95.5,High
F1053,Aquaculture,Catla,Telangana,5,12.1,28.8,7.86,4.27,0.1,148.0,119.4,94.8,90.6,70.0,4.4,No Disease,0,1.2,1.72,198.33,100.0,96.1,62.2,Medium
F1054,Aquaculture,Pangasius,Karnataka,3,13.4,28.0,8.64,5.76,0.33,135.0,213.0,85.9,161.4,61.5,3.0,No Disease,0,2.7,1.49,283.29,100.0,89.9,67.9,High
F1055,Aquaculture,Catla,Telangana,7,2.7,29.5,8.73,4.99,0.22,80.5,224.7,62.4,166.1,77.5,3.8,Early Mortality Syndrome,1,5.8,1.69,247.9,100.0,82.8,100.0,High
F1056,Aquaculture,Rohu,Karnataka,5,18.2,25.4,7.87,5.79,0.35,43.0,108.2,58.0,142.6,86.7,4.3,No Disease,0,1.3,1.24,153.41,100.0,88.8,86.1,High
F1057,Livestock,Goat,West Bengal,7,17.4,,,,,72.1,24.3,72.4,109.5,84.9,3.8,No Disease,0,4.1,2.26,36.75,100.0,,77.5,High
F1058,Aquaculture,Tilapia,West Bengal,7,7.0,26.7,7.31,3.93,0.27,43.1,97.5,92.2,7.8,73.4,3.9,No Disease,0,2.9,1.43,100.26,100.0,88.2,41.3,Medium
F1059,Livestock,Goat,Andhra Pradesh,4,23.9,,,,,45.0,21.5,69.3,161.5,69.0,2.9,No Disease,0,0.7,2.18,27.72,100.0,,62.0,Medium
F1060,Livestock,Sheep,Telangana,4,21.6,,,,,60.0,23.0,63.0,59.8,74.9,3.8,No Disease,0,3.7,2.16,39.01,100.0,,75.9,High
F1061,Aquaculture,Catla,Karnataka,1,22.2,25.7,8.39,6.63,0.39,60.0,52.2,85.8,77.7,93.2,2.8,Bacterial Infection,1,12.5,2.14,80.74,98.6,83.7,87.8,High
F1062,Aquaculture,Catla,Andhra Pradesh,4,9.2,29.9,8.42,5.17,0.6,178.8,30.1,65.1,71.4,74.3,4.3,No Disease,0,0.0,1.14,53.35,100.0,80.0,100.0,High
F1063,Aquaculture,Catla,Andhra Pradesh,6,14.2,26.3,8.16,5.18,0.26,63.7,134.9,86.2,15.0,82.3,4.1,No Disease,0,0.0,1.13,165.21,100.0,88.9,59.6,Medium
F1064,Aquaculture,Catla,Telangana,7,23.7,31.0,7.98,3.71,0.29,87.3,107.8,96.8,1.0,97.4,4.5,No Disease,0,1.9,1.53,110.07,100.0,82.9,66.9,High
F1065,Livestock,Buffalo,Andhra Pradesh,6,21.3,,,,,70.0,22.8,76.3,11.4,59.6,3.6,No Disease,0,1.1,2.29,24.93,100.0,,61.2,Medium
F1066,Aquaculture,Pangasius,Andhra Pradesh,4,22.9,30.9,6.99,5.09,0.34,62.8,142.9,67.3,38.7,80.4,4.3,No Disease,0,0.9,1.58,176.13,100.0,78.7,76.7,High
F1067,Aquaculture,Pangasius,Telangana,1,14.9,29.1,8.15,4.17,0.5,93.2,240.4,57.7,139.3,68.3,2.1,No Disease,0,3.4,1.64,343.25,100.0,88.9,85.6,High
F1068,Aquaculture,Shrimp,Karnataka,7,16.6,28.9,7.58,6.43,0.28,40.7,192.3,57.2,171.0,85.2,2.8,No Disease,0,2.7,1.54,280.41,100.0,93.8,85.1,High
F1069,Aquaculture,Catla,West Bengal,4,11.1,31.5,7.4,8.0,0.25,139.8,198.8,66.7,26.4,67.5,3.3,No Disease,0,2.0,1.33,257.32,100.0,81.2,88.2,High
F1070,Aquaculture,Rohu,Andhra Pradesh,7,22.0,28.0,8.09,4.11,0.26,59.2,197.7,91.8,141.2,90.9,2.7,No Disease,0,0.4,1.5,238.6,100.0,96.5,59.7,Medium
F1071,Aquaculture,Pangasius,Telangana,5,17.4,29.6,7.97,7.85,0.32,62.8,70.7,65.1,77.5,94.9,3.3,Early Mortality Syndrome,1,16.8,1.54,95.59,89.9,91.6,100.0,High
F1072,Livestock,Cattle,West Bengal,1,15.9,,,,,78.4,52.2,57.6,130.6,62.8,3.6,No Disease,0,2.1,2.08,62.49,100.0,,82.0,High
F1073,Livestock,Cattle,Karnataka,3,5.6,,,,,78.2,10.0,69.7,57.5,49.0,2.2,No Disease,0,0.7,1.91,14.52,100.0,,69.8,High
F1074,Aquaculture,Pangasius,Andhra Pradesh,2,20.3,24.0,7.83,4.63,0.43,96.5,75.7,93.3,164.6,73.0,3.6,No Disease,0,0.0,1.73,97.36,100.0,82.9,53.2,Medium
F1075,Aquaculture,Tilapia,West Bengal,5,8.0,29.0,8.67,6.91,0.4,135.5,214.4,55.4,39.6,83.6,4.2,No Disease,0,4.0,1.31,341.54,100.0,85.6,100.0,High
F1076,Aquaculture,Shrimp,West Bengal,4,11.7,26.7,7.94,4.25,0.23,102.5,149.2,55.0,20.6,71.1,2.1,White Spot Disease,1,17.6,1.7,165.04,79.9,93.1,100.0,High
F1077,Livestock,Poultry,Telangana,6,15.2,,,,,38.0,40.3,97.1,171.3,66.0,3.5,No Disease,0,0.9,1.9,54.07,100.0,,32.4,Low
F1078,Aquaculture,Pangasius,Karnataka,6,14.7,29.6,7.36,6.2,0.13,133.2,82.7,65.1,18.7,57.2,4.1,White Spot Disease,1,11.9,1.75,104.73,96.0,88.3,100.0,High
F1079,Livestock,Poultry,West Bengal,5,9.6,,,,,61.4,11.0,62.1,12.8,62.0,3.1,No Disease,0,0.5,2.16,11.45,100.0,,73.2,High
F1080,Aquaculture,Pangasius,Tamil Nadu,7,15.5,28.0,7.99,5.69,0.1,172.6,88.8,68.1,86.6,94.5,3.0,White Spot Disease,1,16.3,1.76,109.5,81.8,97.7,100.0,High
F1081,Aquaculture,Rohu,West Bengal,5,22.0,29.4,7.3,6.28,0.52,98.2,43.0,94.2,91.4,72.5,3.5,No Disease,0,0.0,1.36,51.4,100.0,85.4,52.4,Medium
F1082,Aquaculture,Rohu,West Bengal,7,19.7,30.2,7.88,6.48,0.2,100.2,181.2,73.5,70.7,97.6,3.5,No Disease,0,3.7,1.37,233.95,100.0,90.2,93.6,High
F1083,Aquaculture,Catla,Karnataka,1,21.1,28.6,8.27,5.6,0.11,40.6,91.9,63.9,117.8,60.8,2.7,No Disease,0,1.8,1.41,108.25,100.0,92.0,66.3,High
F1084,Livestock,Cattle,Tamil Nadu,5,16.9,,,,,41.3,54.7,56.3,62.1,88.6,3.5,No Disease,0,1.3,2.13,92.33,100.0,,88.9,High
F1085,Livestock,Buffalo,Tamil Nadu,4,12.2,,,,,56.4,29.1,69.5,111.4,96.8,3.0,No Disease,0,1.6,1.8,35.8,100.0,,86.0,High
F1086,Aquaculture,Pangasius,West Bengal,3,11.1,25.8,7.69,3.44,0.3,109.1,120.4,66.6,126.1,60.4,2.1,No Disease,0,0.0,1.42,168.31,100.0,84.3,80.7,High
F1087,Aquaculture,Shrimp,West Bengal,1,11.0,30.8,8.3,3.93,0.09,92.3,143.4,74.5,160.1,84.9,4.2,No Disease,0,2.5,1.47,161.55,100.0,82.1,80.5,High
F1088,Livestock,Sheep,Telangana,7,22.9,,,,,28.3,23.4,68.8,76.7,63.1,3.6,No Disease,0,1.5,1.96,27.59,100.0,,58.3,Medium
F1089,Livestock,Buffalo,Andhra Pradesh,6,14.9,,,,,6.8,59.3,85.5,93.7,65.6,3.2,No Disease,0,0.1,2.19,60.03,100.0,,36.2,Medium
F1090,Livestock,Cattle,West Bengal,6,6.3,,,,,53.6,54.1,74.4,139.6,53.9,2.2,No Disease,0,0.6,2.26,77.68,100.0,,59.0,Medium
F1091,Livestock,Sheep,Tamil Nadu,7,19.6,,,,,10.4,30.2,80.7,44.6,85.9,3.5,No Disease,0,1.2,2.15,41.64,100.0,,54.6,Medium
F1092,Aquaculture,Tilapia,Tamil Nadu,5,6.6,30.9,7.54,2.69,0.24,171.4,137.4,75.1,121.0,66.2,2.8,No Disease,0,1.2,1.59,197.17,100.0,72.2,87.8,High
F1093,Livestock,Goat,West Bengal,6,19.2,,,,,26.8,25.2,81.9,143.6,63.5,3.1,Mastitis,1,2.2,2.95,41.94,100.0,,64.8,Medium
F1094,Aquaculture,Tilapia,Andhra Pradesh,6,5.3,23.6,7.92,6.19,0.41,170.7,68.1,97.8,139.2,86.2,2.9,No Disease,0,4.2,1.61,72.59,100.0,80.7,77.8,High
F1095,Livestock,Buffalo,Telangana,7,2.1,,,,,58.3,30.2,95.8,128.5,50.5,2.2,No Disease,0,1.0,2.23,35.91,100.0,,38.8,Medium
F1096,Livestock,Goat,Tamil Nadu,6,13.7,,,,,56.8,7.7,60.0,134.0,59.3,3.5,Mastitis,1,1.0,2.28,11.51,100.0,,94.2,High
F1097,Livestock,Goat,Telangana,3,10.7,,,,,11.9,17.0,58.7,49.3,49.9,3.2,Mastitis,1,2.3,2.84,17.67,100.0,,84.3,High
F1098,Livestock,Sheep,Telangana,2,7.8,,,,,71.4,25.3,90.3,164.7,54.2,4.2,No Disease,0,1.8,2.16,27.16,100.0,,47.6,Medium
F1099,Livestock,Goat,Tamil Nadu,1,15.3,,,,,30.2,14.2,59.7,68.1,81.7,2.4,Respiratory Infection,1,4.3,2.55,20.14,100.0,,97.2,High
F1100,Aquaculture,Shrimp,West Bengal,3,11.1,27.4,8.29,8.71,0.3,67.2,178.6,93.8,29.5,58.7,3.8,No Disease,0,0.4,1.66,295.07,100.0,91.7,43.0,Medium
F1101,Aquaculture,Catla,Andhra Pradesh,5,1.2,27.7,7.37,5.12,0.43,159.0,95.3,69.6,161.2,73.3,4.0,No Disease,1,16.8,1.88,102.12,81.5,92.9,100.0,High
F1102,Livestock,Cattle,Telangana,2,1.8,,,,,8.5,19.6,74.1,31.0,83.7,2.3,No Disease,0,1.9,1.84,22.76,100.0,,59.0,Medium
F1103,Livestock,Goat,Tamil Nadu,6,13.0,,,,,29.0,21.8,93.7,133.5,96.5,3.4,Foot and Mouth Disease,1,3.0,2.15,32.07,100.0,,74.8,High
F1104,Aquaculture,Shrimp,Andhra Pradesh,7,21.6,28.5,7.66,5.53,0.18,94.0,36.9,89.9,104.3,65.1,4.2,White Spot Disease,1,13.7,1.98,45.44,94.4,96.3,73.6,High
F1105,Livestock,Cattle,Telangana,7,19.6,,,,,43.7,54.8,56.9,137.8,75.3,2.9,No Disease,0,0.8,2.47,76.79,100.0,,78.3,High
F1106,Livestock,Buffalo,Karnataka,5,17.1,,,,,76.2,21.6,85.7,102.8,50.7,3.3,No Disease,0,2.5,1.72,22.12,100.0,,53.4,Medium
F1107,Aquaculture,Shrimp,Tamil Nadu,7,3.8,28.2,8.77,5.94,0.18,51.8,140.7,64.0,12.1,76.6,3.2,No Disease,0,1.1,1.73,211.8,100.0,87.6,74.2,High
F1108,Livestock,Goat,Tamil Nadu,3,20.9,,,,,76.0,13.2,93.9,9.6,61.3,2.6,No Disease,1,7.9,2.71,17.44,99.8,,65.1,High
F1109,Livestock,Goat,Tamil Nadu,1,7.8,,,,,59.9,58.8,60.0,77.7,48.3,3.9,No Disease,0,1.3,2.22,81.83,100.0,,75.0,High
F1110,Aquaculture,Catla,Tamil Nadu,2,16.4,26.6,7.28,6.11,0.25,112.9,244.8,97.3,107.7,92.7,4.5,No Disease,0,0.2,1.56,267.53,100.0,88.2,69.1,High
F1111,Aquaculture,Rohu,Telangana,1,12.0,29.6,7.16,4.42,0.18,104.2,161.1,65.7,54.1,81.4,4.4,No Disease,0,0.0,1.3,219.65,100.0,85.9,89.5,High
F1112,Aquaculture,Tilapia,West Bengal,7,20.3,25.6,7.65,4.23,0.18,170.4,174.0,94.2,175.0,76.4,2.6,No Disease,0,2.2,1.35,263.37,100.0,88.6,73.5,High
F1113,Livestock,Buffalo,Tamil Nadu,3,3.2,,,,,23.1,59.1,93.8,95.2,73.1,4.2,No Disease,0,2.0,1.92,81.08,100.0,,34.5,Low
F1114,Aquaculture,Tilapia,Tamil Nadu,1,24.8,26.2,7.19,4.77,0.45,145.6,121.1,88.7,175.7,65.3,4.2,No Disease,0,0.6,1.78,143.2,100.0,84.2,67.7,High
F1115,Aquaculture,Pangasius,West Bengal,3,3.9,30.4,7.54,4.44,0.42,42.0,47.2,92.7,150.6,67.7,2.7,No Disease,0,2.8,1.69,56.36,100.0,86.8,37.8,Medium
F1116,Aquaculture,Pangasius,Telangana,3,15.3,30.8,7.61,6.34,0.2,86.7,121.2,81.5,12.7,95.8,3.4,No Disease,0,2.1,1.65,211.11,100.0,86.5,80.8,High
F1117,Aquaculture,Shrimp,Telangana,3,19.3,25.8,7.83,5.94,0.17,132.6,58.3,73.8,25.6,91.8,2.3,No Disease,0,0.0,1.41,77.14,100.0,90.8,96.8,High
F1118,Aquaculture,Rohu,Tamil Nadu,5,12.6,26.7,7.02,5.69,0.35,153.9,139.2,94.2,58.7,61.7,3.8,No Disease,0,3.5,1.22,143.67,100.0,85.4,64.3,Medium
F1119,Aquaculture,Tilapia,Telangana,6,12.2,30.1,7.75,4.45,0.47,110.4,108.4,60.9,64.2,93.2,3.9,No Disease,0,0.0,1.78,152.02,100.0,89.2,100.0,High
F1120,Livestock,Poultry,Tamil Nadu,4,14.2,,,,,26.4,9.1,87.6,107.2,77.3,2.4,No Disease,0,0.9,2.28,13.93,100.0,,44.8,Medium
F1121,Livestock,Cattle,Andhra Pradesh,5,3.7,,,,,20.4,55.1,94.7,26.3,83.4,2.0,No Disease,0,0.1,2.13,65.28,100.0,,41.1,Medium
F1122,Aquaculture,Catla,Karnataka,6,8.4,24.1,7.56,5.58,0.19,171.0,137.7,55.1,67.5,59.8,3.0,No Disease,0,4.5,1.09,201.78,100.0,81.5,100.0,High
F1123,Aquaculture,Tilapia,Karnataka,5,19.2,27.6,8.04,4.43,0.18,131.0,214.8,68.4,104.0,86.4,3.0,White Spot Disease,1,9.6,1.78,346.97,97.7,95.5,100.0,High
F1124,Aquaculture,Tilapia,West Bengal,2,10.7,28.3,7.92,3.5,0.09,168.6,152.6,85.4,75.1,64.6,3.8,No Disease,0,0.1,1.55,249.52,100.0,92.4,76.7,High
F1125,Livestock,Buffalo,Andhra Pradesh,2,12.5,,,,,49.6,33.8,94.8,96.5,72.3,1.9,No Disease,1,4.0,1.84,53.8,100.0,,59.4,Medium
F1126,Livestock,Sheep,Karnataka,3,16.6,,,,,67.5,11.6,57.3,34.5,59.2,2.6,No Disease,0,2.3,2.0,18.58,100.0,,79.6,High
F1127,Livestock,Goat,West Bengal,1,1.5,,,,,51.9,38.1,61.3,97.9,65.5,3.0,Foot and Mouth Disease,1,5.5,2.32,61.87,100.0,,91.7,High
F1128,Livestock,Cattle,Karnataka,4,19.7,,,,,20.0,5.0,73.8,145.2,76.1,3.4,No Disease,0,2.8,1.98,6.11,100.0,,56.1,Medium
F1129,Livestock,Sheep,Karnataka,1,2.5,,,,,22.2,58.4,58.6,12.3,76.6,3.8,No Disease,0,0.0,2.19,76.1,100.0,,72.2,High
F1130,Livestock,Goat,Andhra Pradesh,2,4.9,,,,,78.0,6.7,71.6,117.0,91.6,2.5,Respiratory Infection,1,0.7,2.38,10.8,100.0,,100.0,High
F1131,Livestock,Cattle,Tamil Nadu,5,9.5,,,,,78.1,37.5,62.4,179.2,73.0,4.1,No Disease,0,0.0,2.07,40.84,100.0,,79.5,High
F1132,Livestock,Sheep,Tamil Nadu,3,18.5,,,,,20.4,26.6,83.5,12.8,62.7,1.8,No Disease,0,2.9,2.11,41.27,100.0,,41.6,Medium
F1133,Livestock,Cattle,West Bengal,3,8.0,,,,,41.2,4.6,79.2,73.7,86.0,2.9,No Disease,0,2.9,2.05,6.57,100.0,,63.9,Medium
F1134,Aquaculture,Pangasius,Tamil Nadu,3,9.3,24.5,7.28,4.4,0.33,41.8,157.1,95.5,109.7,88.7,3.7,No Disease,0,1.2,1.56,199.34,100.0,79.8,49.9,Medium
F1135,Aquaculture,Shrimp,Telangana,1,17.2,27.9,7.41,4.42,0.35,147.9,58.4,89.4,84.4,84.4,4.3,No Disease,0,1.9,1.46,87.9,100.0,94.9,79.1,High
F1136,Aquaculture,Rohu,Karnataka,3,7.6,26.8,7.48,4.1,0.21,151.7,102.1,95.3,151.6,94.1,2.7,No Disease,0,3.0,1.19,168.91,100.0,91.4,81.9,High
F1137,Aquaculture,Catla,Telangana,3,21.1,25.8,8.58,6.07,0.32,124.1,50.9,71.8,174.8,70.1,4.2,Early Mortality Syndrome,1,8.0,1.77,55.75,100.0,81.8,99.3,High
F1138,Livestock,Poultry,Andhra Pradesh,4,4.0,,,,,8.0,21.1,86.4,93.9,67.1,4.0,No Disease,0,2.4,2.21,35.46,100.0,,35.6,Medium
F1139,Livestock,Cattle,Telangana,1,4.0,,,,,77.5,51.2,92.8,82.8,78.1,2.8,No Disease,0,2.3,1.88,56.62,100.0,,53.1,Medium
F1140,Aquaculture,Tilapia,Karnataka,3,22.6,26.0,7.4,4.19,1.0,133.4,240.0,83.4,104.8,91.4,3.6,Early Mortality Syndrome,1,14.1,1.96,429.51,89.8,72.2,100.0,High
F1141,Livestock,Sheep,Andhra Pradesh,3,14.2,,,,,47.5,55.4,67.4,27.9,63.6,3.9,No Disease,0,2.0,1.98,62.97,100.0,,64.5,Medium
F1142,Aquaculture,Pangasius,Telangana,4,19.5,28.9,6.88,5.1,0.29,83.3,131.0,77.2,0.2,81.5,4.5,Bacterial Infection,1,16.5,1.35,188.0,86.5,85.4,92.8,High
F1143,Livestock,Buffalo,Tamil Nadu,1,22.6,,,,,25.3,56.4,55.5,130.7,65.2,3.2,No Disease,0,2.4,2.25,82.23,100.0,,70.8,High
F1144,Aquaculture,Shrimp,Karnataka,2,12.3,25.6,7.51,4.47,0.07,165.4,148.8,67.6,133.7,76.8,2.4,No Disease,0,2.4,1.66,193.69,100.0,86.9,99.2,High
F1145,Livestock,Goat,Karnataka,1,8.1,,,,,14.1,59.4,90.5,97.4,70.2,3.6,Respiratory Infection,1,5.8,2.45,64.47,100.0,,53.2,Medium
F1146,Livestock,Buffalo,Karnataka,6,23.4,,,,,9.3,11.8,87.4,124.0,52.1,3.2,No Disease,1,1.9,2.69,17.75,100.0,,54.9,Medium
F1147,Aquaculture,Shrimp,Karnataka,6,21.8,28.6,8.11,3.04,0.39,58.9,182.7,90.0,22.6,76.3,3.2,No Disease,0,1.9,1.43,182.93,100.0,84.3,49.8,Medium
F1148,Livestock,Sheep,West Bengal,3,15.1,,,,,40.9,19.5,75.1,37.7,94.0,1.9,No Disease,0,0.0,2.23,32.7,100.0,,74.3,High
F1149,Aquaculture,Rohu,Andhra Pradesh,7,4.5,24.0,8.35,6.42,0.14,159.0,94.1,69.0,96.1,83.1,2.5,No Disease,0,3.2,1.49,162.4,100.0,77.4,100.0,High
F1150,Aquaculture,Shrimp,Karnataka,5,12.4,28.3,7.96,6.91,0.16,72.0,249.5,73.5,167.7,73.5,4.3,No Disease,0,2.2,1.53,384.74,100.0,96.9,67.3,High
F1151,Aquaculture,Shrimp,Andhra Pradesh,4,9.8,29.9,7.46,4.1,0.37,79.6,118.3,60.4,164.4,86.8,2.9,No Disease,0,0.0,1.38,159.01,100.0,88.3,92.9,High
F1152,Aquaculture,Pangasius,Karnataka,3,5.3,25.1,7.56,4.86,0.23,136.9,208.3,93.2,98.8,95.7,2.0,Early Mortality Syndrome,1,11.4,1.84,311.31,97.3,85.5,100.0,High
F1153,Livestock,Goat,Karnataka,7,23.1,,,,,79.5,44.7,55.7,89.3,77.6,3.7,No Disease,0,1.6,2.08,52.11,100.0,,90.3,High
F1154,Livestock,Buffalo,Karnataka,1,1.6,,,,,34.5,28.9,68.0,120.0,95.1,4.3,No Disease,0,1.9,2.09,45.68,100.0,,80.7,High
F1155,Livestock,Poultry,Karnataka,4,3.1,,,,,77.0,34.7,97.7,138.7,72.4,2.9,No Disease,0,2.8,1.99,54.46,100.0,,43.5,Medium
F1156,Aquaculture,Rohu,Karnataka,7,24.2,29.2,7.81,5.51,0.27,84.3,96.8,91.8,27.0,95.7,3.3,No Disease,0,1.8,1.78,145.34,100.0,95.1,69.8,High
F1157,Livestock,Cattle,Andhra Pradesh,5,1.2,,,,,7.3,58.4,83.9,75.5,52.5,3.8,No Disease,0,1.3,1.89,71.28,100.0,,37.9,Medium
F1158,Aquaculture,Catla,Karnataka,4,2.8,32.9,8.08,7.12,0.24,44.8,195.4,56.4,82.0,61.5,4.1,No Disease,0,4.2,1.38,270.61,100.0,77.0,74.8,High
F1159,Livestock,Poultry,West Bengal,6,19.7,,,,,10.3,54.3,62.0,60.7,77.1,4.2,No Disease,0,1.4,1.69,72.6,100.0,,66.3,High
F1160,Livestock,Cattle,Tamil Nadu,4,7.4,,,,,58.7,58.4,57.2,6.7,92.4,4.2,Foot and Mouth Disease,1,9.2,2.16,98.54,100.0,,100.0,High
F1161,Livestock,Sheep,Andhra Pradesh,6,2.3,,,,,54.6,8.6,97.7,86.5,78.9,4.2,No Disease,0,0.6,1.9,13.77,100.0,,43.1,Medium
F1162,Aquaculture,Shrimp,Karnataka,5,7.7,28.7,7.07,7.65,0.14,117.1,240.8,78.7,152.3,68.8,3.1,No Disease,0,4.1,1.15,352.57,100.0,88.4,70.6,High
F1163,Livestock,Goat,West Bengal,7,8.3,,,,,50.9,9.7,65.9,7.6,48.8,2.5,No Disease,0,1.4,1.83,15.9,100.0,,66.8,High
F1164,Livestock,Cattle,Karnataka,3,6.0,,,,,24.4,50.5,62.0,4.0,93.1,3.4,Respiratory Infection,1,7.3,2.35,77.21,100.0,,100.0,High
F1165,Aquaculture,Tilapia,Karnataka,6,16.0,31.5,8.32,5.08,0.18,121.7,35.2,60.8,119.5,77.4,2.4,No Disease,0,1.6,1.25,57.79,100.0,79.8,95.5,High
F1166,Livestock,Cattle,Karnataka,7,5.2,,,,,43.6,48.3,90.8,152.4,62.9,3.9,No Disease,0,1.5,1.93,70.2,100.0,,40.1,Medium
F1167,Aquaculture,Rohu,Tamil Nadu,2,1.4,31.2,7.6,4.82,0.2,111.2,123.5,85.8,9.2,76.4,2.8,No Disease,0,1.9,1.36,203.66,100.0,84.8,67.1,High
F1168,Livestock,Cattle,Andhra Pradesh,2,4.7,,,,,79.8,4.0,57.8,14.0,84.4,2.2,No Disease,0,1.9,1.92,5.64,100.0,,93.7,High
F1169,Aquaculture,Catla,West Bengal,3,19.5,29.7,7.73,5.95,0.2,110.7,223.7,85.2,127.5,77.3,4.1,No Disease,0,0.7,1.81,399.47,100.0,92.4,68.3,High
F1170,Aquaculture,Pangasius,Andhra Pradesh,4,22.0,34.5,7.24,4.68,0.33,162.0,194.2,86.1,15.6,55.9,3.5,No Disease,0,2.0,1.45,302.89,100.0,67.3,74.4,High
F1171,Livestock,Buffalo,Karnataka,5,7.0,,,,,48.7,42.9,89.8,109.9,50.9,3.6,No Disease,0,2.6,1.79,68.46,100.0,,42.4,Medium
F1172,Aquaculture,Shrimp,Andhra Pradesh,1,9.5,25.3,7.73,5.5,0.16,101.3,41.7,86.8,143.9,86.2,2.5,No Disease,0,0.7,1.16,69.56,100.0,88.4,71.5,High
F1173,Aquaculture,Shrimp,Karnataka,6,23.4,27.5,8.07,5.0,0.11,65.1,223.3,69.5,103.7,80.6,3.3,No Disease,1,12.4,1.68,364.67,93.5,94.8,95.3,High
F1174,Aquaculture,Rohu,Tamil Nadu,5,7.6,31.9,7.38,5.45,0.19,176.2,143.6,76.4,33.7,82.3,3.5,No Disease,0,5.3,1.65,167.44,100.0,79.4,97.5,High
F1175,Aquaculture,Tilapia,Andhra Pradesh,3,10.9,30.7,7.97,5.72,0.22,144.1,110.9,59.1,46.3,96.1,2.8,No Disease,0,1.1,1.6,140.2,100.0,87.2,100.0,High
F1176,Aquaculture,Tilapia,West Bengal,5,12.1,26.3,7.6,4.86,0.27,150.1,229.9,75.9,144.8,85.4,4.0,No Disease,0,2.9,1.45,293.08,100.0,90.8,93.9,High
F1177,Aquaculture,Pangasius,Karnataka,6,11.9,29.2,7.82,5.23,0.42,166.8,113.0,64.9,41.9,83.5,3.3,No Disease,0,0.0,1.48,170.18,100.0,94.5,100.0,High
F1178,Livestock,Cattle,West Bengal,2,2.5,,,,,53.0,50.1,97.9,150.9,74.5,2.3,No Disease,0,0.8,1.89,75.94,100.0,,38.9,Medium
F1179,Aquaculture,Tilapia,Karnataka,2,5.1,23.2,8.13,3.91,0.15,103.8,97.5,78.6,139.2,84.0,2.7,No Disease,0,5.1,1.6,113.99,100.0,75.9,78.6,High
F1180,Aquaculture,Catla,Karnataka,7,13.7,32.2,8.85,6.28,0.21,40.6,139.6,64.3,133.8,56.9,4.1,No Disease,0,2.6,1.27,141.2,100.0,70.6,65.9,High
F1181,Livestock,Buffalo,Andhra Pradesh,4,18.4,,,,,12.1,32.7,67.5,175.1,90.4,3.8,No Disease,0,1.2,2.17,49.47,100.0,,71.8,High
F1182,Livestock,Poultry,Andhra Pradesh,7,10.8,,,,,6.5,59.8,60.3,97.7,86.9,2.3,No Disease,0,0.8,2.25,68.63,100.0,,74.8,High
F1183,Livestock,Sheep,Andhra Pradesh,5,24.1,,,,,71.0,30.0,70.4,58.6,59.2,3.3,Mastitis,1,4.2,2.44,44.73,100.0,,87.4,High
F1184,Livestock,Goat,Telangana,1,18.3,,,,,72.9,7.2,92.4,67.8,91.7,3.8,No Disease,1,7.5,2.22,10.54,100.0,,83.2,High
F1185,Livestock,Poultry,Telangana,3,13.2,,,,,62.5,35.4,66.2,164.2,46.0,2.8,No Disease,0,1.7,1.86,59.31,100.0,,69.4,High
F1186,Livestock,Goat,Karnataka,2,19.7,,,,,69.6,4.6,79.7,32.6,97.7,2.2,No Disease,0,1.9,1.62,7.67,100.0,,79.9,High
F1187,Livestock,Buffalo,Telangana,1,22.2,,,,,76.4,44.8,84.8,47.1,94.0,2.3,No Disease,0,1.7,1.96,44.88,100.0,,73.5,High
F1188,Aquaculture,Shrimp,Karnataka,3,15.5,26.7,8.39,4.5,0.35,84.1,41.9,61.2,159.0,59.7,2.2,No Disease,0,2.6,1.35,43.07,100.0,87.7,79.8,High
F1189,Aquaculture,Rohu,Karnataka,5,22.3,31.1,8.04,5.23,0.45,108.6,163.0,86.4,64.1,76.7,3.5,No Disease,0,2.7,1.2,269.86,100.0,83.5,66.1,High
F1190,Livestock,Buffalo,Telangana,4,23.7,,,,,63.5,17.3,71.0,149.6,85.8,4.4,No Disease,1,7.3,2.32,19.97,100.0,,97.5,High
F1191,Aquaculture,Rohu,Karnataka,3,15.5,30.9,7.05,4.37,0.14,139.2,43.6,74.2,169.5,72.1,3.1,No Disease,0,3.6,1.43,51.3,100.0,79.4,82.3,High
F1192,Aquaculture,Shrimp,Andhra Pradesh,7,13.6,32.6,8.26,5.87,0.2,116.3,116.9,78.0,126.6,84.9,2.9,No Disease,0,2.2,1.49,153.41,100.0,76.1,83.0,High
F1193,Aquaculture,Pangasius,Telangana,2,20.4,28.8,8.01,4.13,0.12,46.5,23.6,75.5,17.2,63.3,4.1,No Disease,0,2.7,1.37,39.99,100.0,94.3,56.1,Medium
F1194,Livestock,Goat,Andhra Pradesh,7,24.1,,,,,36.9,35.9,81.6,115.2,96.3,2.3,No Disease,0,2.1,1.73,58.92,100.0,,68.7,High
F1195,Livestock,Poultry,Telangana,3,24.2,,,,,78.8,51.1,56.1,170.6,83.2,2.0,No Disease,0,1.2,2.04,68.61,100.0,,94.2,High
F1196,Aquaculture,Catla,Andhra Pradesh,4,3.5,26.2,8.45,3.46,0.31,178.1,228.3,94.9,33.3,91.2,3.3,No Disease,0,2.7,1.49,277.15,100.0,79.6,86.6,High
F1197,Livestock,Sheep,Andhra Pradesh,6,20.8,,,,,45.2,50.3,67.0,111.8,70.4,2.6,Respiratory Infection,1,7.5,2.31,56.56,100.0,,84.6,High
F1198,Aquaculture,Catla,West Bengal,3,19.7,24.0,7.56,4.6,0.52,145.7,24.2,60.8,65.7,59.7,3.5,No Disease,1,6.6,1.92,33.57,100.0,78.1,100.0,High
F1199,Aquaculture,Shrimp,Tamil Nadu,5,8.6,26.4,8.11,5.14,0.09,103.0,139.7,78.4,59.7,62.5,3.9,No Disease,0,3.1,1.49,218.78,100.0,89.9,67.4,High
F1200,Aquaculture,Shrimp,Andhra Pradesh,6,14.8,28.1,8.04,3.2,0.19,132.1,72.9,59.5,4.9,67.6,3.0,No Disease,0,0.6,1.43,88.1,100.0,88.7,93.5,High
